name,postalCode,officeType,district,province,address,sourceUrl
"Achchuvely","40150","Post Office","Jaffna",,,"https://slpost.gov.lk/wp-content/uploads/2022/11/POST-CODE-BOOK-.pdf"
"Adampan","41160","Sub Post Office","Mannar",,,"https://slpost.gov.lk/wp-content/uploads/2022/11/POST-CODE-BOOK-.pdf"
"Addalaichenai","32350","Post Office",,,,"https://slpost.gov.lk/wp-content/uploads/2022/11/POST-CODE-BOOK-.pdf"
"Adhikarigama","20713","Sub Post Office","Kandy",,,"https://slpost.gov.lk/wp-content/uploads/2022/11/POST-CODE-BOOK-.pdf"
"Adippala","61012","Sub Post Office","Puttalam",,,"https://slpost.gov.lk/wp-content/uploads/2022/11/POST-CODE-BOOK-.pdf"
"Agalawatta","12200","Post Office","Kalutara",,,"https://slpost.gov.lk/wp-content/uploads/2022/11/POST-CODE-BOOK-.pdf"
"Agaliya","80212","Sub Post Office","Galle",,,"https://slpost.gov.lk/wp-content/uploads/2022/11/POST-CODE-BOOK-.pdf"
"Agarapathana","22094","Sub Post Office","Nuwara Eliya",,,"https://slpost.gov.lk/wp-content/uploads/2022/11/POST-CODE-BOOK-.pdf"
"Agbopura","31304","Sub Post Office","Trincomalee",,,"https://slpost.gov.lk/wp-content/uploads/2022/11/POST-CODE-BOOK-.pdf"
"Ahangama","80650","Post Office","Galle",,,"https://slpost.gov.lk/wp-content/uploads/2022/11/POST-CODE-BOOK-.pdf"
"Ahungalla","80562","Post Office","Galle",,,"https://slpost.gov.lk/wp-content/uploads/2022/11/POST-CODE-BOOK-.pdf"
"Akaragama","11536","Sub Post Office","Gampaha",,,"https://slpost.gov.lk/wp-content/uploads/2022/11/POST-CODE-BOOK-.pdf"
"Akarawita","10732","Sub Post Office","Colombo",,,"https://slpost.gov.lk/wp-content/uploads/2022/11/POST-CODE-BOOK-.pdf"
"Akarella","70082","Sub Post Office","Ratnapura",,,"https://slpost.gov.lk/wp-content/uploads/2022/11/POST-CODE-BOOK-.pdf"
"Akkarapattu","32400","Post Office",,,,"https://slpost.gov.lk/wp-content/uploads/2022/11/POST-CODE-BOOK-.pdf"
"Akkaraseeya","90166","Sub Post Office","Badulla",,,"https://slpost.gov.lk/wp-content/uploads/2022/11/POST-CODE-BOOK-.pdf"
"Akkarayankulam","42425","Sub Post Office","Kilinochchi",,,"https://slpost.gov.lk/wp-content/uploads/2022/11/POST-CODE-BOOK-.pdf"
"Akmeemana","80090","Post Office","Galle",,,"https://slpost.gov.lk/wp-content/uploads/2022/11/POST-CODE-BOOK-.pdf"
"Akuramboda","21142","Sub Post Office","Matale",,,"https://slpost.gov.lk/wp-content/uploads/2022/11/POST-CODE-BOOK-.pdf"
"Akurana","20850","Post Office","Kandy",,,"https://slpost.gov.lk/wp-content/uploads/2022/11/POST-CODE-BOOK-.pdf"
"Akuressa","81400","Post Office","Matara",,,"https://slpost.gov.lk/wp-content/uploads/2022/11/POST-CODE-BOOK-.pdf"
"Alahenegama","60416","Sub Post Office","Kurunegala",,,"https://slpost.gov.lk/wp-content/uploads/2022/11/POST-CODE-BOOK-.pdf"
"Alahitiyawa","60182","Sub Post Office","Kurunegala",,,"https://slpost.gov.lk/wp-content/uploads/2022/11/POST-CODE-BOOK-.pdf"
"Alakola Ella","70132","Sub Post Office","Ratnapura",,,"https://slpost.gov.lk/wp-content/uploads/2022/11/POST-CODE-BOOK-.pdf"
"Alampil","42005","Sub Post Office","Mullaitivu",,,"https://slpost.gov.lk/wp-content/uploads/2022/11/POST-CODE-BOOK-.pdf"
"Alapaladeniya","81475","Sub Post Office","Matara",,,"https://slpost.gov.lk/wp-content/uploads/2022/11/POST-CODE-BOOK-.pdf"
"Alaveddy","40120","Post Office","Jaffna",,,"https://slpost.gov.lk/wp-content/uploads/2022/11/POST-CODE-BOOK-.pdf"
"Alawala","11122","Sub Post Office","Gampaha",,,"https://slpost.gov.lk/wp-content/uploads/2022/11/POST-CODE-BOOK-.pdf"
"Alawatugoda","20140","Post Office","Kandy",,,"https://slpost.gov.lk/wp-content/uploads/2022/11/POST-CODE-BOOK-.pdf"
"Alawatura","71204","Sub Post Office","Kegalle",,,"https://slpost.gov.lk/wp-content/uploads/2022/11/POST-CODE-BOOK-.pdf"
"Alawatuwala","60047","Sub Post Office","Kurunegala",,,"https://slpost.gov.lk/wp-content/uploads/2022/11/POST-CODE-BOOK-.pdf"
"Alawwa","60280","Post Office","Kurunegala",,,"https://slpost.gov.lk/wp-content/uploads/2022/11/POST-CODE-BOOK-.pdf"
"Algama","71607","Sub Post Office","Kegalle",,,"https://slpost.gov.lk/wp-content/uploads/2022/11/POST-CODE-BOOK-.pdf"
"Aliyawalai","42565","Sub Post Office","Kilinochchi",,,"https://slpost.gov.lk/wp-content/uploads/2022/11/POST-CODE-BOOK-.pdf"
"Allaipiddy","40048","Sub Post Office","Jaffna",,,"https://slpost.gov.lk/wp-content/uploads/2022/11/POST-CODE-BOOK-.pdf"
"Alubomulla","12524","Sub Post Office","Kalutara",,,"https://slpost.gov.lk/wp-content/uploads/2022/11/POST-CODE-BOOK-.pdf"
"Aludeniya","20062","Sub Post Office","Kandy",,,"https://slpost.gov.lk/wp-content/uploads/2022/11/POST-CODE-BOOK-.pdf"
"Aluketiyawa","90736","Sub Post Office","Badulla",,,"https://slpost.gov.lk/wp-content/uploads/2022/11/POST-CODE-BOOK-.pdf"
"Aluthgama","12080","Post Office","Kalutara",,,"https://slpost.gov.lk/wp-content/uploads/2022/11/POST-CODE-BOOK-.pdf"
"Aluthnuwara","71508","Sub Post Office","Kegalle",,,"https://slpost.gov.lk/wp-content/uploads/2022/11/POST-CODE-BOOK-.pdf"
"Aluththarama","90722","Sub Post Office","Badulla",,,"https://slpost.gov.lk/wp-content/uploads/2022/11/POST-CODE-BOOK-.pdf"
"Aluthwala","80332","Sub Post Office","Galle",,,"https://slpost.gov.lk/wp-content/uploads/2022/11/POST-CODE-BOOK-.pdf"
"Aluthwewa","51014","Sub Post Office","Polonnaruwa",,,"https://slpost.gov.lk/wp-content/uploads/2022/11/POST-CODE-BOOK-.pdf"
"Alvai","40635","Sub Post Office","Jaffna",,,"https://slpost.gov.lk/wp-content/uploads/2022/11/POST-CODE-BOOK-.pdf"
"Alwatta","21004","Sub Post Office","Matale",,,"https://slpost.gov.lk/wp-content/uploads/2022/11/POST-CODE-BOOK-.pdf"
"Ambadandegama","90108","Sub Post Office","Badulla",,,"https://slpost.gov.lk/wp-content/uploads/2022/11/POST-CODE-BOOK-.pdf"
"Ambagahapelassa","20986","Sub Post Office","Kandy",,,"https://slpost.gov.lk/wp-content/uploads/2022/11/POST-CODE-BOOK-.pdf"
"Ambagahawatte","90326","Sub Post Office","Badulla",,,"https://slpost.gov.lk/wp-content/uploads/2022/11/POST-CODE-BOOK-.pdf"
"Ambagamuwa Udabulathgama","22678","Sub Post Office","Nuwara Eliya",,,"https://slpost.gov.lk/wp-content/uploads/2022/11/POST-CODE-BOOK-.pdf"
"Ambagasdowa","90300","Post Office","Badulla",,,"https://slpost.gov.lk/wp-content/uploads/2022/11/POST-CODE-BOOK-.pdf"
"Ambagaspitiya","11052","Sub Post Office","Gampaha",,,"https://slpost.gov.lk/wp-content/uploads/2022/11/POST-CODE-BOOK-.pdf"
"Ambakandawila","61024","Sub Post Office","Puttalam",,,"https://slpost.gov.lk/wp-content/uploads/2022/11/POST-CODE-BOOK-.pdf"
"Ambakote","60036","Sub Post Office","Kurunegala",,,"https://slpost.gov.lk/wp-content/uploads/2022/11/POST-CODE-BOOK-.pdf"
"Ambalakanda","71546","Sub Post Office","Kegalle",,,"https://slpost.gov.lk/wp-content/uploads/2022/11/POST-CODE-BOOK-.pdf"
"Ambalangoda","80300","Post Office","Galle",,,"https://slpost.gov.lk/wp-content/uploads/2022/11/POST-CODE-BOOK-.pdf"
"Ambalantota","82100","Post Office","Hambantota",,,"https://slpost.gov.lk/wp-content/uploads/2022/11/POST-CODE-BOOK-.pdf"
"Ambana","21504","Sub Post Office","Matale",,,"https://slpost.gov.lk/wp-content/uploads/2022/11/POST-CODE-BOOK-.pdf"
"Ambanella","22284","Sub Post Office","Nuwara Eliya",,,"https://slpost.gov.lk/wp-content/uploads/2022/11/POST-CODE-BOOK-.pdf"
"Ambanpola","60650","Post Office","Kurunegala",,,"https://slpost.gov.lk/wp-content/uploads/2022/11/POST-CODE-BOOK-.pdf"
"Ambatalawa","22686","Sub Post Office","Nuwara Eliya",,,"https://slpost.gov.lk/wp-content/uploads/2022/11/POST-CODE-BOOK-.pdf"
"Ambatenna","20136","Sub Post Office","Kandy",,,"https://slpost.gov.lk/wp-content/uploads/2022/11/POST-CODE-BOOK-.pdf"
"Ambepussa","11212","Sub Post Office","Gampaha",,,"https://slpost.gov.lk/wp-content/uploads/2022/11/POST-CODE-BOOK-.pdf"
"Ambewela","22216","Sub Post Office","Nuwara Eliya",,,"https://slpost.gov.lk/wp-content/uploads/2022/11/POST-CODE-BOOK-.pdf"
"Ambulugala","71503","Sub Post Office","Kegalle",,,"https://slpost.gov.lk/wp-content/uploads/2022/11/POST-CODE-BOOK-.pdf"
"Amitirigala","71320","Post Office","Kegalle",,,"https://slpost.gov.lk/wp-content/uploads/2022/11/POST-CODE-BOOK-.pdf"
"Ampagala","71232","Sub Post Office","Kegalle",,,"https://slpost.gov.lk/wp-content/uploads/2022/11/POST-CODE-BOOK-.pdf"
"Ampara","32000","Post Office","Ampara",,,"https://slpost.gov.lk/wp-content/uploads/2022/11/POST-CODE-BOOK-.pdf"
"Ampegama","80204","Sub Post Office","Galle",,,"https://slpost.gov.lk/wp-content/uploads/2022/11/POST-CODE-BOOK-.pdf"
"Ampilanthurai","30162","Sub Post Office","Batticaloa",,,"https://slpost.gov.lk/wp-content/uploads/2022/11/POST-CODE-BOOK-.pdf"
"Ampitiya","20160","Post Office","Kandy",,,"https://slpost.gov.lk/wp-content/uploads/2022/11/POST-CODE-BOOK-.pdf"
"Amugoda","80422","Sub Post Office","Galle",,,"https://slpost.gov.lk/wp-content/uploads/2022/11/POST-CODE-BOOK-.pdf"
"Amunumulla","90204","Sub Post Office","Badulla",,,"https://slpost.gov.lk/wp-content/uploads/2022/11/POST-CODE-BOOK-.pdf"
"Anaicoddai","40198","Sub Post Office","Jaffna",,,"https://slpost.gov.lk/wp-content/uploads/2022/11/POST-CODE-BOOK-.pdf"
"Analaithivu","40280","Post Office","Jaffna",,,"https://slpost.gov.lk/wp-content/uploads/2022/11/POST-CODE-BOOK-.pdf"
"Anamaduwa","61500","Post Office","Puttalam",,,"https://slpost.gov.lk/wp-content/uploads/2022/11/POST-CODE-BOOK-.pdf"
"Anangoda","80044","Sub Post Office","Galle",,,"https://slpost.gov.lk/wp-content/uploads/2022/11/POST-CODE-BOOK-.pdf"
"Andawala Lihinipitiya","21077","Sub Post Office","Matale",,,"https://slpost.gov.lk/wp-content/uploads/2022/11/POST-CODE-BOOK-.pdf"
"Andiambalama","11558","Sub Post Office","Gampaha",,,"https://slpost.gov.lk/wp-content/uploads/2022/11/POST-CODE-BOOK-.pdf"
"Andigama","61508","Sub Post Office","Puttalam",,,"https://slpost.gov.lk/wp-content/uploads/2022/11/POST-CODE-BOOK-.pdf"
"Andiyagala","50112","Sub Post Office","Anuradhapura",,,"https://slpost.gov.lk/wp-content/uploads/2022/11/POST-CODE-BOOK-.pdf"
"Angamuwa","50248","Sub Post Office","Anuradhapura",,,"https://slpost.gov.lk/wp-content/uploads/2022/11/POST-CODE-BOOK-.pdf"
"Angulugaha","80122","Sub Post Office","Galle",,,"https://slpost.gov.lk/wp-content/uploads/2022/11/POST-CODE-BOOK-.pdf"
"Angunakolapelessa","82220","Post Office","Hambantota",,,"https://slpost.gov.lk/wp-content/uploads/2022/11/POST-CODE-BOOK-.pdf"
"Angunakolawewa","91302","Sub Post Office","Moneragala",,,"https://slpost.gov.lk/wp-content/uploads/2022/11/POST-CODE-BOOK-.pdf"
"Angunawila","61264","Sub Post Office","Puttalam",,,"https://slpost.gov.lk/wp-content/uploads/2022/11/POST-CODE-BOOK-.pdf"
"Anguruwatota","12320","Post Office","Kalutara",,,"https://slpost.gov.lk/wp-content/uploads/2022/11/POST-CODE-BOOK-.pdf"
"Anhandiya","60074","Sub Post Office","Kurunegala",,,"https://slpost.gov.lk/wp-content/uploads/2022/11/POST-CODE-BOOK-.pdf"
"Anhettigama","71403","Sub Post Office","Kegalle",,,"https://slpost.gov.lk/wp-content/uploads/2022/11/POST-CODE-BOOK-.pdf"
"Ankokkawala","80048","Sub Post Office","Galle",,,"https://slpost.gov.lk/wp-content/uploads/2022/11/POST-CODE-BOOK-.pdf"
"Ankumbura","20150","Post Office","Kandy",,,"https://slpost.gov.lk/wp-content/uploads/2022/11/POST-CODE-BOOK-.pdf"
"Anukkane","60214","Sub Post Office","Kurunegala",,,"https://slpost.gov.lk/wp-content/uploads/2022/11/POST-CODE-BOOK-.pdf"
"Anura Wijayapura","50033","Sub Post Office","Anuradhapura",,,"https://slpost.gov.lk/wp-content/uploads/2022/11/POST-CODE-BOOK-.pdf"
"Anuradhapura","50000","Post Office","Anuradhapura",,,"https://slpost.gov.lk/wp-content/uploads/2022/11/POST-CODE-BOOK-.pdf"
"Aparekka","81032","Sub Post Office","Matara",,,"https://slpost.gov.lk/wp-content/uploads/2022/11/POST-CODE-BOOK-.pdf"
"Arachchikattuwa","60243","Sub Post Office","Puttalam",,,"https://slpost.gov.lk/wp-content/uploads/2022/11/POST-CODE-BOOK-.pdf"
"Aragoda","60308","Sub Post Office","Kurunegala",,,"https://slpost.gov.lk/wp-content/uploads/2022/11/POST-CODE-BOOK-.pdf"
"Aralaganwila","51100","Post Office","Polonnaruwa",,,"https://slpost.gov.lk/wp-content/uploads/2022/11/POST-CODE-BOOK-.pdf"
"Aranayaka","71540","Post Office","Kegalle",,,"https://slpost.gov.lk/wp-content/uploads/2022/11/POST-CODE-BOOK-.pdf"
"Arawa","90017","Sub Post Office","Badulla",,,"https://slpost.gov.lk/wp-content/uploads/2022/11/POST-CODE-BOOK-.pdf"
"Arawakumbura","90532","Sub Post Office","Badulla",,,"https://slpost.gov.lk/wp-content/uploads/2022/11/POST-CODE-BOOK-.pdf"
"Arawatte","90712","Sub Post Office","Badulla",,,"https://slpost.gov.lk/wp-content/uploads/2022/11/POST-CODE-BOOK-.pdf"
"Arayampathy","30150","Post Office","Batticaloa",,,"https://slpost.gov.lk/wp-content/uploads/2022/11/POST-CODE-BOOK-.pdf"
"Arippu","41060","Sub Post Office","Mannar",,,"https://slpost.gov.lk/wp-content/uploads/2022/11/POST-CODE-BOOK-.pdf"
"Aruggammana","71041","Sub Post Office","Kegalle",,,"https://slpost.gov.lk/wp-content/uploads/2022/11/POST-CODE-BOOK-.pdf"
"Aselapura","51072","Sub Post Office","Polonnaruwa",,,"https://slpost.gov.lk/wp-content/uploads/2022/11/POST-CODE-BOOK-.pdf"
"Atabage","20574","Sub Post Office","Kandy",,,"https://slpost.gov.lk/wp-content/uploads/2022/11/POST-CODE-BOOK-.pdf"
"Atakalanpanna","70294","Sub Post Office","Ratnapura",,,"https://slpost.gov.lk/wp-content/uploads/2022/11/POST-CODE-BOOK-.pdf"
"Atakiriya","90542","Sub Post Office","Badulla",,,"https://slpost.gov.lk/wp-content/uploads/2022/11/POST-CODE-BOOK-.pdf"
"Atale","71363","Sub Post Office","Kegalle",,,"https://slpost.gov.lk/wp-content/uploads/2022/11/POST-CODE-BOOK-.pdf"
"Ataragalla","60706","Sub Post Office","Kurunegala",,,"https://slpost.gov.lk/wp-content/uploads/2022/11/POST-CODE-BOOK-.pdf"
"Ataragallewa","21512","Sub Post Office","Matale",,,"https://slpost.gov.lk/wp-content/uploads/2022/11/POST-CODE-BOOK-.pdf"
"Aththimottai","41180","Sub Post Office","Mannar",,,"https://slpost.gov.lk/wp-content/uploads/2022/11/POST-CODE-BOOK-.pdf"
"Athurugiriya","10150","Post Office","Colombo",,,"https://slpost.gov.lk/wp-content/uploads/2022/11/POST-CODE-BOOK-.pdf"
"Attanagalla","11120","Post Office","Gampaha",,,"https://slpost.gov.lk/wp-content/uploads/2022/11/POST-CODE-BOOK-.pdf"
"Attanakadawala","51235","Sub Post Office","Polonnaruwa",,,"https://slpost.gov.lk/wp-content/uploads/2022/11/POST-CODE-BOOK-.pdf"
"Attawilluwa","61328","Sub Post Office","Puttalam",,,"https://slpost.gov.lk/wp-content/uploads/2022/11/POST-CODE-BOOK-.pdf"
"Aturaliya","81402","Sub Post Office","Matara",,,"https://slpost.gov.lk/wp-content/uploads/2022/11/POST-CODE-BOOK-.pdf"
"Awukana","50169","Sub Post Office","Anuradhapura",,,"https://slpost.gov.lk/wp-content/uploads/2022/11/POST-CODE-BOOK-.pdf"
"Awulegama","60462","Sub Post Office","Kurunegala",,,"https://slpost.gov.lk/wp-content/uploads/2022/11/POST-CODE-BOOK-.pdf"
"Ayagama","70024","Post Office","Ratnapura",,,"https://slpost.gov.lk/wp-content/uploads/2022/11/POST-CODE-BOOK-.pdf"
"Ayithiyamalai","30362","Sub Post Office","Batticaloa",,,"https://slpost.gov.lk/wp-content/uploads/2022/11/POST-CODE-BOOK-.pdf"
"Ayiwela","91516","Sub Post Office","Moneragala",,,"https://slpost.gov.lk/wp-content/uploads/2022/11/POST-CODE-BOOK-.pdf"
"Badalgama","11538","Sub Post Office","Gampaha",,,"https://slpost.gov.lk/wp-content/uploads/2022/11/POST-CODE-BOOK-.pdf"
"Badalkumbura","91070","Post Office","Moneragala",,,"https://slpost.gov.lk/wp-content/uploads/2022/11/POST-CODE-BOOK-.pdf"
"Baddegama","80200","Post Office","Galle",,,"https://slpost.gov.lk/wp-content/uploads/2022/11/POST-CODE-BOOK-.pdf"
"Badulla","90000","Post Office","Badulla",,,"https://slpost.gov.lk/wp-content/uploads/2022/11/POST-CODE-BOOK-.pdf"
"Baduluoya","90019","Sub Post Office","Badulla",,,"https://slpost.gov.lk/wp-content/uploads/2022/11/POST-CODE-BOOK-.pdf"
"Baduluwela","91058","Sub Post Office","Moneragala",,,"https://slpost.gov.lk/wp-content/uploads/2022/11/POST-CODE-BOOK-.pdf"
"Baduraliya","12230","Post Office","Kalutara",,,"https://slpost.gov.lk/wp-content/uploads/2022/11/POST-CODE-BOOK-.pdf"
"Bakamuna","51250","Post Office","Polonnaruwa",,,"https://slpost.gov.lk/wp-content/uploads/2022/11/POST-CODE-BOOK-.pdf"
"Bakiella","30206","Sub Post Office","Batticaloa",,,"https://slpost.gov.lk/wp-content/uploads/2022/11/POST-CODE-BOOK-.pdf"
"Bakinigahawela","91554","Sub Post Office","Moneragala",,,"https://slpost.gov.lk/wp-content/uploads/2022/11/POST-CODE-BOOK-.pdf"
"Bakmeegama","31028","Sub Post Office","Trincomalee",,,"https://slpost.gov.lk/wp-content/uploads/2022/11/POST-CODE-BOOK-.pdf"
"Bakmitiyawa","32024","Sub Post Office","Ampara",,,"https://slpost.gov.lk/wp-content/uploads/2022/11/POST-CODE-BOOK-.pdf"
"Balaharuwa","91295","Sub Post Office","Moneragala",,,"https://slpost.gov.lk/wp-content/uploads/2022/11/POST-CODE-BOOK-.pdf"
"Balalla","60604","Sub Post Office","Kurunegala",,,"https://slpost.gov.lk/wp-content/uploads/2022/11/POST-CODE-BOOK-.pdf"
"Balana","20308","Sub Post Office","Kandy",,,"https://slpost.gov.lk/wp-content/uploads/2022/11/POST-CODE-BOOK-.pdf"
"Balangoda","70100","Post Office","Ratnapura",,,"https://slpost.gov.lk/wp-content/uploads/2022/11/POST-CODE-BOOK-.pdf"
"Balapitiya","80550","Post Office","Galle",,,"https://slpost.gov.lk/wp-content/uploads/2022/11/POST-CODE-BOOK-.pdf"
"Ballaketuwa","90092","Sub Post Office","Badulla",,,"https://slpost.gov.lk/wp-content/uploads/2022/11/POST-CODE-BOOK-.pdf"
"Bambaragahaela","20644","Sub Post Office","Kandy",,,"https://slpost.gov.lk/wp-content/uploads/2022/11/POST-CODE-BOOK-.pdf"
"Bambaragaswewa","21212","Sub Post Office","Matale",,,"https://slpost.gov.lk/wp-content/uploads/2022/11/POST-CODE-BOOK-.pdf"
"Bambarapana","90322","Sub Post Office","Badulla",,,"https://slpost.gov.lk/wp-content/uploads/2022/11/POST-CODE-BOOK-.pdf"
"Bamunakotuwa","60347","Sub Post Office","Kurunegala",,,"https://slpost.gov.lk/wp-content/uploads/2022/11/POST-CODE-BOOK-.pdf"
"Banagala","80143","Sub Post Office","Galle",,,"https://slpost.gov.lk/wp-content/uploads/2022/11/POST-CODE-BOOK-.pdf"
"Bandagiriya Colony","82005","Sub Post Office","Hambantota",,,"https://slpost.gov.lk/wp-content/uploads/2022/11/POST-CODE-BOOK-.pdf"
"Bandara Koswatta","60424","Sub Post Office","Kurunegala",,,"https://slpost.gov.lk/wp-content/uploads/2022/11/POST-CODE-BOOK-.pdf"
"Bandaragama","12530","Post Office","Kalutara",,,"https://slpost.gov.lk/wp-content/uploads/2022/11/POST-CODE-BOOK-.pdf"
"Bandarawela","90100","Post Office","Badulla",,,"https://slpost.gov.lk/wp-content/uploads/2022/11/POST-CODE-BOOK-.pdf"
"Banduragoda","11244","Sub Post Office","Gampaha",,,"https://slpost.gov.lk/wp-content/uploads/2022/11/POST-CODE-BOOK-.pdf"
"Bangadeniya","61238","Sub Post Office","Puttalam",,,"https://slpost.gov.lk/wp-content/uploads/2022/11/POST-CODE-BOOK-.pdf"
"Baranankattuwa","61262","Sub Post Office","Puttalam",,,"https://slpost.gov.lk/wp-content/uploads/2022/11/POST-CODE-BOOK-.pdf"
"Barawakumbuka","82110","Post Office","Hambantota",,,"https://slpost.gov.lk/wp-content/uploads/2022/11/POST-CODE-BOOK-.pdf"
"Barawardhanaoya","20967","Sub Post Office","Kandy",,,"https://slpost.gov.lk/wp-content/uploads/2022/11/POST-CODE-BOOK-.pdf"
"Batagolladeniya","20154","Sub Post Office","Kandy",,,"https://slpost.gov.lk/wp-content/uploads/2022/11/POST-CODE-BOOK-.pdf"
"Batapola","80320","Post Office","Galle",,,"https://slpost.gov.lk/wp-content/uploads/2022/11/POST-CODE-BOOK-.pdf"
"Batatota","70504","Sub Post Office","Ratnapura",,,"https://slpost.gov.lk/wp-content/uploads/2022/11/POST-CODE-BOOK-.pdf"
"Batawala","10513","Sub Post Office","Colombo",,,"https://slpost.gov.lk/wp-content/uploads/2022/11/POST-CODE-BOOK-.pdf"
"Battaramulla","10120","Post Office","Colombo",,,"https://slpost.gov.lk/wp-content/uploads/2022/11/POST-CODE-BOOK-.pdf"
"Batticaloa","30000","Post Office","Batticaloa",,,"https://slpost.gov.lk/wp-content/uploads/2022/11/POST-CODE-BOOK-.pdf"
"Battuluoya","61246","Sub Post Office","Puttalam",,,"https://slpost.gov.lk/wp-content/uploads/2022/11/POST-CODE-BOOK-.pdf"
"Batugampola","10526","Sub Post Office","Colombo",,,"https://slpost.gov.lk/wp-content/uploads/2022/11/POST-CODE-BOOK-.pdf"
"Batugoda","20132","Sub Post Office","Kandy",,,"https://slpost.gov.lk/wp-content/uploads/2022/11/POST-CODE-BOOK-.pdf"
"Batumulla","20966","Sub Post Office","Kandy",,,"https://slpost.gov.lk/wp-content/uploads/2022/11/POST-CODE-BOOK-.pdf"
"Batuwatta","11011","Post Office","Gampaha",,,"https://slpost.gov.lk/wp-content/uploads/2022/11/POST-CODE-BOOK-.pdf"
"Batuwita","71321","Sub Post Office","Kegalle",,,"https://slpost.gov.lk/wp-content/uploads/2022/11/POST-CODE-BOOK-.pdf"
"Bawlana","20218","Sub Post Office","Kandy",,,"https://slpost.gov.lk/wp-content/uploads/2022/11/POST-CODE-BOOK-.pdf"
"Beliatta","82400","Post Office","Hambantota",,,"https://slpost.gov.lk/wp-content/uploads/2022/11/POST-CODE-BOOK-.pdf"
"Beligala","71044","Sub Post Office","Kegalle","Sabaragamuwa",,"https://slpost.gov.lk/wp-content/uploads/2022/11/POST-CODE-BOOK-.pdf"
"Beligamuwa","21214","Sub Post Office","Matale",,,"https://slpost.gov.lk/wp-content/uploads/2022/11/POST-CODE-BOOK-.pdf"
"Belihuloya","70140","Post Office","Ratnapura",,,"https://slpost.gov.lk/wp-content/uploads/2022/11/POST-CODE-BOOK-.pdf"
"Bellana","12224","Sub Post Office","Kalutara",,,"https://slpost.gov.lk/wp-content/uploads/2022/11/POST-CODE-BOOK-.pdf"
"Bemmulla","11040","Post Office","Gampaha",,,"https://slpost.gov.lk/wp-content/uploads/2022/11/POST-CODE-BOOK-.pdf"
"Bengamuwa","81614","Sub Post Office","Matara",,,"https://slpost.gov.lk/wp-content/uploads/2022/11/POST-CODE-BOOK-.pdf"
"Bentota","80500","Post Office","Galle",,,"https://slpost.gov.lk/wp-content/uploads/2022/11/POST-CODE-BOOK-.pdf"
"Beragama","82102","Sub Post Office","Hambantota",,,"https://slpost.gov.lk/wp-content/uploads/2022/11/POST-CODE-BOOK-.pdf"
"Beralapanathara","81541","Sub Post Office","Matara",,,"https://slpost.gov.lk/wp-content/uploads/2022/11/POST-CODE-BOOK-.pdf"
"Beralihela","82618","Sub Post Office","Hambantota",,,"https://slpost.gov.lk/wp-content/uploads/2022/11/POST-CODE-BOOK-.pdf"
"Beramada","90066","Sub Post Office","Badulla",,,"https://slpost.gov.lk/wp-content/uploads/2022/11/POST-CODE-BOOK-.pdf"
"Berannawa","71706","Sub Post Office","Kegalle",,,"https://slpost.gov.lk/wp-content/uploads/2022/11/POST-CODE-BOOK-.pdf"
"Beruwala","12070","Post Office","Kalutara",,,"https://slpost.gov.lk/wp-content/uploads/2022/11/POST-CODE-BOOK-.pdf"
"Bibila","91500","Post Office","Moneragala",,,"https://slpost.gov.lk/wp-content/uploads/2022/11/POST-CODE-BOOK-.pdf"
"Bibilegama","90502","Sub Post Office","Badulla",,,"https://slpost.gov.lk/wp-content/uploads/2022/11/POST-CODE-BOOK-.pdf"
"Bingiriya","60450","Post Office","Kurunegala",,,"https://slpost.gov.lk/wp-content/uploads/2022/11/POST-CODE-BOOK-.pdf"
"Biyagama","11650","Post Office","Gampaha",,,"https://slpost.gov.lk/wp-content/uploads/2022/11/POST-CODE-BOOK-.pdf"
"Biyagama EPZ","11672","Sub Post Office","Gampaha",,,"https://slpost.gov.lk/wp-content/uploads/2022/11/POST-CODE-BOOK-.pdf"
"Bogahakumbura","90354","Sub Post Office","Badulla",,,"https://slpost.gov.lk/wp-content/uploads/2022/11/POST-CODE-BOOK-.pdf"
"Bogahapelassa","91074","Sub Post Office","Moneragala",,,"https://slpost.gov.lk/wp-content/uploads/2022/11/POST-CODE-BOOK-.pdf"
"Bogahawewa","50566","Sub Post Office","Anuradhapura",,,"https://slpost.gov.lk/wp-content/uploads/2022/11/POST-CODE-BOOK-.pdf"
"Bogamulla","60107","Sub Post Office","Kurunegala",,,"https://slpost.gov.lk/wp-content/uploads/2022/11/POST-CODE-BOOK-.pdf"
"Bogaswewa","43583","Sub Post Office","Vavuniya",,,"https://slpost.gov.lk/wp-content/uploads/2022/11/POST-CODE-BOOK-.pdf"
"Bogawantalawa","22060","Post Office","Nuwara Eliya",,,"https://slpost.gov.lk/wp-content/uploads/2022/11/POST-CODE-BOOK-.pdf"
"Bokalagama","11216","Sub Post Office","Gampaha",,,"https://slpost.gov.lk/wp-content/uploads/2022/11/POST-CODE-BOOK-.pdf"
"Bokkawela","20093","Sub Post Office","Kandy",,,"https://slpost.gov.lk/wp-content/uploads/2022/11/POST-CODE-BOOK-.pdf"
"Bollete","11024","Sub Post Office","Gampaha","Western Province",,"https://slpost.gov.lk/wp-content/uploads/2022/11/POST-CODE-BOOK-.pdf"
"Bolossagama","12008","Sub Post Office","Kalutara",,,"https://slpost.gov.lk/wp-content/uploads/2022/11/POST-CODE-BOOK-.pdf"
"Bolthumbe","70131","Sub Post Office","Ratnapura",,,"https://slpost.gov.lk/wp-content/uploads/2022/11/POST-CODE-BOOK-.pdf"
"Bombuwala","12024","Sub Post Office","Kalutara",,,"https://slpost.gov.lk/wp-content/uploads/2022/11/POST-CODE-BOOK-.pdf"
"Boossa","80270","Post Office","Galle",,,"https://slpost.gov.lk/wp-content/uploads/2022/11/POST-CODE-BOOK-.pdf"
"Bopagama","11134","Sub Post Office","Gampaha",,,"https://slpost.gov.lk/wp-content/uploads/2022/11/POST-CODE-BOOK-.pdf"
"Bopagoda","81412","Sub Post Office","Matara",,,"https://slpost.gov.lk/wp-content/uploads/2022/11/POST-CODE-BOOK-.pdf"
"Bopana","20932","Sub Post Office","Kandy",,,"https://slpost.gov.lk/wp-content/uploads/2022/11/POST-CODE-BOOK-.pdf"
"Bopattalawa","22095","Sub Post Office","Nuwara Eliya",,,"https://slpost.gov.lk/wp-content/uploads/2022/11/POST-CODE-BOOK-.pdf"
"Bope","10522","Sub Post Office","Colombo",,,"https://slpost.gov.lk/wp-content/uploads/2022/11/POST-CODE-BOOK-.pdf"
"Bopitiya","60155","Sub Post Office","Kurunegala",,,"https://slpost.gov.lk/wp-content/uploads/2022/11/POST-CODE-BOOK-.pdf"
"Bopitiya","71612","Sub Post Office","Kegalle","Sabaragamuwa",,"https://slpost.gov.lk/wp-content/uploads/2022/11/POST-CODE-BOOK-.pdf"
"Boragas","90362","Sub Post Office","Badulla",,,"https://slpost.gov.lk/wp-content/uploads/2022/11/POST-CODE-BOOK-.pdf"
"Boralanda","90170","Post Office","Badulla",,,"https://slpost.gov.lk/wp-content/uploads/2022/11/POST-CODE-BOOK-.pdf"
"Boralankada","71418","Sub Post Office","Kegalle",,,"https://slpost.gov.lk/wp-content/uploads/2022/11/POST-CODE-BOOK-.pdf"
"Boralesgamuwa","10290","Post Office","Colombo",,,"https://slpost.gov.lk/wp-content/uploads/2022/11/POST-CODE-BOOK-.pdf"
"Boralessa","61152","Sub Post Office","Puttalam",,,"https://slpost.gov.lk/wp-content/uploads/2022/11/POST-CODE-BOOK-.pdf"
"Boralugoda","12142","Sub Post Office","Kalutara",,,"https://slpost.gov.lk/wp-content/uploads/2022/11/POST-CODE-BOOK-.pdf"
"Boraluwageaina","70344","Sub Post Office","Ratnapura",,,"https://slpost.gov.lk/wp-content/uploads/2022/11/POST-CODE-BOOK-.pdf"
"Boraluwewa","60437","Sub Post Office","Kurunegala",,,"https://slpost.gov.lk/wp-content/uploads/2022/11/POST-CODE-BOOK-.pdf"
"Borapola","32073","Sub Post Office","Ampara",,,"https://slpost.gov.lk/wp-content/uploads/2022/11/POST-CODE-BOOK-.pdf"
"Borella","00800","Post Office","Colombo",,,"https://slpost.gov.lk/wp-content/uploads/2022/11/POST-CODE-BOOK-.pdf"
"Bossella","71208","Sub Post Office","Kegalle",,,"https://slpost.gov.lk/wp-content/uploads/2022/11/POST-CODE-BOOK-.pdf"
"Botalegama","12307","Sub Post Office","Kalutara",,,"https://slpost.gov.lk/wp-content/uploads/2022/11/POST-CODE-BOOK-.pdf"
"Bowalagama","82458","Sub Post Office","Hambantota",,,"https://slpost.gov.lk/wp-content/uploads/2022/11/POST-CODE-BOOK-.pdf"
"Bowela","90302","Sub Post Office","Badulla",,,"https://slpost.gov.lk/wp-content/uploads/2022/11/POST-CODE-BOOK-.pdf"
"Boyagane","60027","Sub Post Office","Kurunegala",,,"https://slpost.gov.lk/wp-content/uploads/2022/11/POST-CODE-BOOK-.pdf"
"Buddama","91038","Sub Post Office","Moneragala",,,"https://slpost.gov.lk/wp-content/uploads/2022/11/POST-CODE-BOOK-.pdf"
"Bujjampola","61136","Sub Post Office","Puttalam",,,"https://slpost.gov.lk/wp-content/uploads/2022/11/POST-CODE-BOOK-.pdf"
"Bujjomuwa","60291","Sub Post Office","Kurunegala",,,"https://slpost.gov.lk/wp-content/uploads/2022/11/POST-CODE-BOOK-.pdf"
"Bulathkohupitiya","71230","Post Office","Kegalle",,,"https://slpost.gov.lk/wp-content/uploads/2022/11/POST-CODE-BOOK-.pdf"
"Bulathsinhala","12300","Post Office","Kalutara",,,"https://slpost.gov.lk/wp-content/uploads/2022/11/POST-CODE-BOOK-.pdf"
"Bulutota","70346","Sub Post Office","Ratnapura",,,"https://slpost.gov.lk/wp-content/uploads/2022/11/POST-CODE-BOOK-.pdf"
"Buluwala","60076","Sub Post Office","Kurunegala",,,"https://slpost.gov.lk/wp-content/uploads/2022/11/POST-CODE-BOOK-.pdf"
"Bundala","82002","Sub Post Office","Hambantota",,,"https://slpost.gov.lk/wp-content/uploads/2022/11/POST-CODE-BOOK-.pdf"
"Buthpitiya","11720","Post Office","Gampaha",,,"https://slpost.gov.lk/wp-content/uploads/2022/11/POST-CODE-BOOK-.pdf"
"Buttala","91100","Post Office","Moneragala",,,"https://slpost.gov.lk/wp-content/uploads/2022/11/POST-CODE-BOOK-.pdf"
"Central Camp","32050","Post Office","Ampara",,,"https://slpost.gov.lk/wp-content/uploads/2022/11/POST-CODE-BOOK-.pdf"
"Chankanai","40212","Post Office","Jaffna",,,"https://slpost.gov.lk/wp-content/uploads/2022/11/POST-CODE-BOOK-.pdf"
"Chavakachcheri","40500","Post Office","Jaffna",,,"https://slpost.gov.lk/wp-content/uploads/2022/11/POST-CODE-BOOK-.pdf"
"Chavalakadai","32306","Sub Post Office",,,,"https://slpost.gov.lk/wp-content/uploads/2022/11/POST-CODE-BOOK-.pdf"
"Cheddikulam","43120","Post Office","Vavuniya",,,"https://slpost.gov.lk/wp-content/uploads/2022/11/POST-CODE-BOOK-.pdf"
"Cheddipalayam","30194","Sub Post Office","Batticaloa",,,"https://slpost.gov.lk/wp-content/uploads/2022/11/POST-CODE-BOOK-.pdf"
"Chemamadukkulam","43060","Sub Post Office","Vavuniya",,,"https://slpost.gov.lk/wp-content/uploads/2022/11/POST-CODE-BOOK-.pdf"
"Chenkaladi","30350","Post Office","Batticaloa",,,"https://slpost.gov.lk/wp-content/uploads/2022/11/POST-CODE-BOOK-.pdf"
"Chilavathurai","41140","Post Office","Mannar",,,"https://slpost.gov.lk/wp-content/uploads/2022/11/POST-CODE-BOOK-.pdf"
"Chilaw","61000","Post Office","Puttalam",,,"https://slpost.gov.lk/wp-content/uploads/2022/11/POST-CODE-BOOK-.pdf"
"Chinabay","31050","Post Office","Trincomalee",,,"https://slpost.gov.lk/wp-content/uploads/2022/11/POST-CODE-BOOK-.pdf"
"Chulipuram","40230","Post Office","Jaffna",,,"https://slpost.gov.lk/wp-content/uploads/2022/11/POST-CODE-BOOK-.pdf"
"Chunnakam","40075","Post Office","Jaffna",,,"https://slpost.gov.lk/wp-content/uploads/2022/11/POST-CODE-BOOK-.pdf"
"Dadayamtalawa","32046","Sub Post Office","Ampara",,,"https://slpost.gov.lk/wp-content/uploads/2022/11/POST-CODE-BOOK-.pdf"
"Dagonna","11524","Sub Post Office","Gampaha",,,"https://slpost.gov.lk/wp-content/uploads/2022/11/POST-CODE-BOOK-.pdf"
"Dalukana","51092","Sub Post Office","Polonnaruwa",,,"https://slpost.gov.lk/wp-content/uploads/2022/11/POST-CODE-BOOK-.pdf"
"Damana","32014","Sub Post Office","Ampara",,,"https://slpost.gov.lk/wp-content/uploads/2022/11/POST-CODE-BOOK-.pdf"
"Damanewela","32126","Sub Post Office","Ampara",,,"https://slpost.gov.lk/wp-content/uploads/2022/11/POST-CODE-BOOK-.pdf"
"Dambadeniya","60130","Post Office","Kurunegala",,,"https://slpost.gov.lk/wp-content/uploads/2022/11/POST-CODE-BOOK-.pdf"
"Dambagalla","91050","Post Office","Moneragala",,,"https://slpost.gov.lk/wp-content/uploads/2022/11/POST-CODE-BOOK-.pdf"
"Dambana","90714","Sub Post Office","Badulla",,,"https://slpost.gov.lk/wp-content/uploads/2022/11/POST-CODE-BOOK-.pdf"
"Dambetenna","90161","Sub Post Office","Badulla",,,"https://slpost.gov.lk/wp-content/uploads/2022/11/POST-CODE-BOOK-.pdf"
"Dambulla","21100","Post Office","Matale",,,"https://slpost.gov.lk/wp-content/uploads/2022/11/POST-CODE-BOOK-.pdf"
"Dambuluwana","70019","Sub Post Office","Ratnapura",,,"https://slpost.gov.lk/wp-content/uploads/2022/11/POST-CODE-BOOK-.pdf"
"Damminna","51106","Sub Post Office","Polonnaruwa",,,"https://slpost.gov.lk/wp-content/uploads/2022/11/POST-CODE-BOOK-.pdf"
"Dampahala","81612","Sub Post Office","Matara",,,"https://slpost.gov.lk/wp-content/uploads/2022/11/POST-CODE-BOOK-.pdf"
"Damunupola","71034","Sub Post Office","Kegalle",,,"https://slpost.gov.lk/wp-content/uploads/2022/11/POST-CODE-BOOK-.pdf"
"Danawala Thiniyawala","12148","Sub Post Office","Kalutara",,,"https://slpost.gov.lk/wp-content/uploads/2022/11/POST-CODE-BOOK-.pdf"
"Dangala","81476","Sub Post Office","Matara",,,"https://slpost.gov.lk/wp-content/uploads/2022/11/POST-CODE-BOOK-.pdf"
"Dankanda","21032","Sub Post Office","Matale",,,"https://slpost.gov.lk/wp-content/uploads/2022/11/POST-CODE-BOOK-.pdf"
"Dankotuwa","61130","Post Office","Puttalam",,,"https://slpost.gov.lk/wp-content/uploads/2022/11/POST-CODE-BOOK-.pdf"
"Danowita","11896","Sub Post Office","Gampaha",,,"https://slpost.gov.lk/wp-content/uploads/2022/11/POST-CODE-BOOK-.pdf"
"Danture","20465","Post Office","Kandy",,,"https://slpost.gov.lk/wp-content/uploads/2022/11/POST-CODE-BOOK-.pdf"
"Daraluwa","60174","Sub Post Office","Kurunegala",,,"https://slpost.gov.lk/wp-content/uploads/2022/11/POST-CODE-BOOK-.pdf"
"Daraniyagala","71430","Post Office","Kegalle",,,"https://slpost.gov.lk/wp-content/uploads/2022/11/POST-CODE-BOOK-.pdf"
"Daugala","70455","Sub Post Office","Ratnapura",,,"https://slpost.gov.lk/wp-content/uploads/2022/11/POST-CODE-BOOK-.pdf"
"Dayagama Bazaar","22096","Sub Post Office","Nuwara Eliya",,,"https://slpost.gov.lk/wp-content/uploads/2022/11/POST-CODE-BOOK-.pdf"
"Debahera","11889","Sub Post Office","Gampaha",,,"https://slpost.gov.lk/wp-content/uploads/2022/11/POST-CODE-BOOK-.pdf"
"Debathgama","71037","Sub Post Office","Kegalle",,,"https://slpost.gov.lk/wp-content/uploads/2022/11/POST-CODE-BOOK-.pdf"
"Dedigamuwa","10656","Sub Post Office","Colombo",,,"https://slpost.gov.lk/wp-content/uploads/2022/11/POST-CODE-BOOK-.pdf"
"Dedugala","71237","Sub Post Office","Kegalle",,,"https://slpost.gov.lk/wp-content/uploads/2022/11/POST-CODE-BOOK-.pdf"
"Dedunupitiya","20068","Sub Post Office","Kandy",,,"https://slpost.gov.lk/wp-content/uploads/2022/11/POST-CODE-BOOK-.pdf"
"Deegala Lenama","81452","Sub Post Office","Matara",,,"https://slpost.gov.lk/wp-content/uploads/2022/11/POST-CODE-BOOK-.pdf"
"Deegalla","60228","Sub Post Office","Kurunegala",,,"https://slpost.gov.lk/wp-content/uploads/2022/11/POST-CODE-BOOK-.pdf"
"Deegawapiya","32006","Sub Post Office","Ampara",,,"https://slpost.gov.lk/wp-content/uploads/2022/11/POST-CODE-BOOK-.pdf"
"Deekirikewa","60123","Sub Post Office","Kurunegala",,,"https://slpost.gov.lk/wp-content/uploads/2022/11/POST-CODE-BOOK-.pdf"
"Deewala Pallegama","71022","Sub Post Office","Kegalle",,,"https://slpost.gov.lk/wp-content/uploads/2022/11/POST-CODE-BOOK-.pdf"
"Dehiattakandiya","32150","Post Office","Ampara",,,"https://slpost.gov.lk/wp-content/uploads/2022/11/POST-CODE-BOOK-.pdf"
"Dehigama","90709","Sub Post Office","Badulla",,,"https://slpost.gov.lk/wp-content/uploads/2022/11/POST-CODE-BOOK-.pdf"
"Dehiowita","71400","Post Office","Kegalle",,,"https://slpost.gov.lk/wp-content/uploads/2022/11/POST-CODE-BOOK-.pdf"
"Dehipe","20739","Sub Post Office","Kandy",,,"https://slpost.gov.lk/wp-content/uploads/2022/11/POST-CODE-BOOK-.pdf"
"Dehiwala","10350","Post Office","Colombo",,,"https://slpost.gov.lk/wp-content/uploads/2022/11/POST-CODE-BOOK-.pdf"
"Dehiwatte","31226","Sub Post Office","Trincomalee",,,"https://slpost.gov.lk/wp-content/uploads/2022/11/POST-CODE-BOOK-.pdf"
"Deiyandara","81320","Post Office","Matara",,,"https://slpost.gov.lk/wp-content/uploads/2022/11/POST-CODE-BOOK-.pdf"
"Dekatana","11690","Sub Post Office","Gampaha",,,"https://slpost.gov.lk/wp-content/uploads/2022/11/POST-CODE-BOOK-.pdf"
"Dekinda","20658","Sub Post Office","Kandy",,,"https://slpost.gov.lk/wp-content/uploads/2022/11/POST-CODE-BOOK-.pdf"
"Dela","70042","Sub Post Office","Ratnapura",,,"https://slpost.gov.lk/wp-content/uploads/2022/11/POST-CODE-BOOK-.pdf"
"Deldeniya","71009","Sub Post Office","Kegalle",,,"https://slpost.gov.lk/wp-content/uploads/2022/11/POST-CODE-BOOK-.pdf"
"Delft West","40378","Sub Post Office","Jaffna",,,"https://slpost.gov.lk/wp-content/uploads/2022/11/POST-CODE-BOOK-.pdf"
"Delft","40370","Post Office","Jaffna",,,"https://slpost.gov.lk/wp-content/uploads/2022/11/POST-CODE-BOOK-.pdf"
"Delgoda","11700","Post Office","Gampaha",,,"https://slpost.gov.lk/wp-content/uploads/2022/11/POST-CODE-BOOK-.pdf"
"Dellawa","81477","Sub Post Office","Matara",,,"https://slpost.gov.lk/wp-content/uploads/2022/11/POST-CODE-BOOK-.pdf"
"Delmella","12304","Sub Post Office","Kalutara",,,"https://slpost.gov.lk/wp-content/uploads/2022/11/POST-CODE-BOOK-.pdf"
"Deloluwa","71401","Sub Post Office","Kegalle",,,"https://slpost.gov.lk/wp-content/uploads/2022/11/POST-CODE-BOOK-.pdf"
"Deltara","10302","Sub Post Office","Colombo",,,"https://slpost.gov.lk/wp-content/uploads/2022/11/POST-CODE-BOOK-.pdf"
"Deltota","20430","Post Office","Kandy",,,"https://slpost.gov.lk/wp-content/uploads/2022/11/POST-CODE-BOOK-.pdf"
"Delwagura","11228","Sub Post Office","Gampaha",,,"https://slpost.gov.lk/wp-content/uploads/2022/11/POST-CODE-BOOK-.pdf"
"Delwala","70046","Sub Post Office","Ratnapura",,,"https://slpost.gov.lk/wp-content/uploads/2022/11/POST-CODE-BOOK-.pdf"
"Delwita","60044","Sub Post Office","Kurunegala",,,"https://slpost.gov.lk/wp-content/uploads/2022/11/POST-CODE-BOOK-.pdf"
"Demalagama","11692","Sub Post Office","Gampaha",,,"https://slpost.gov.lk/wp-content/uploads/2022/11/POST-CODE-BOOK-.pdf"
"Demanhandiya","11270","Post Office","Gampaha",,,"https://slpost.gov.lk/wp-content/uploads/2022/11/POST-CODE-BOOK-.pdf"
"Demataluwa","60024","Sub Post Office","Kurunegala",,,"https://slpost.gov.lk/wp-content/uploads/2022/11/POST-CODE-BOOK-.pdf"
"Dematawewa","50356","Sub Post Office","Anuradhapura",,,"https://slpost.gov.lk/wp-content/uploads/2022/11/POST-CODE-BOOK-.pdf"
"Demodara","90080","Post Office","Badulla",,,"https://slpost.gov.lk/wp-content/uploads/2022/11/POST-CODE-BOOK-.pdf"
"Demuwatha","70332","Sub Post Office","Ratnapura",,,"https://slpost.gov.lk/wp-content/uploads/2022/11/POST-CODE-BOOK-.pdf"
"Denagama","81314","Sub Post Office","Matara",,,"https://slpost.gov.lk/wp-content/uploads/2022/11/POST-CODE-BOOK-.pdf"
"Denipitiya","81730","Post Office","Matara",,,"https://slpost.gov.lk/wp-content/uploads/2022/11/POST-CODE-BOOK-.pdf"
"Deniyaya","81500","Post Office","Matara",,,"https://slpost.gov.lk/wp-content/uploads/2022/11/POST-CODE-BOOK-.pdf"
"Derangala","81454","Sub Post Office","Matara",,,"https://slpost.gov.lk/wp-content/uploads/2022/11/POST-CODE-BOOK-.pdf"
"Devagiriya","21552","Sub Post Office","Matale",,,"https://slpost.gov.lk/wp-content/uploads/2022/11/POST-CODE-BOOK-.pdf"
"Devalahinda","32038","Sub Post Office","Ampara",,,"https://slpost.gov.lk/wp-content/uploads/2022/11/POST-CODE-BOOK-.pdf"
"Devinuwara(Dondra)","81160","Post Office","Matara",,,"https://slpost.gov.lk/wp-content/uploads/2022/11/POST-CODE-BOOK-.pdf"
"Devipahala","70509","Sub Post Office","Ratnapura",,,"https://slpost.gov.lk/wp-content/uploads/2022/11/POST-CODE-BOOK-.pdf"
"Dewagala","51094","Sub Post Office","Polonnaruwa",,,"https://slpost.gov.lk/wp-content/uploads/2022/11/POST-CODE-BOOK-.pdf"
"Dewahuwa","21206","Post Office","Matale",,,"https://slpost.gov.lk/wp-content/uploads/2022/11/POST-CODE-BOOK-.pdf"
"Dewalapola","11102","Post Office","Gampaha",,,"https://slpost.gov.lk/wp-content/uploads/2022/11/POST-CODE-BOOK-.pdf"
"Dewalegama","71050","Post Office","Kegalle",,,"https://slpost.gov.lk/wp-content/uploads/2022/11/POST-CODE-BOOK-.pdf"
"Dewanagala","71527","Sub Post Office","Kegalle",,,"https://slpost.gov.lk/wp-content/uploads/2022/11/POST-CODE-BOOK-.pdf"
"Dewanampiyatissapura","50027","Sub Post Office","Anuradhapura",,,"https://slpost.gov.lk/wp-content/uploads/2022/11/POST-CODE-BOOK-.pdf"
"Dharga Town","12090","Post Office","Kalutara",,,"https://slpost.gov.lk/wp-content/uploads/2022/11/POST-CODE-BOOK-.pdf"
"Diddeniya","60544","Sub Post Office","Kurunegala",,,"https://slpost.gov.lk/wp-content/uploads/2022/11/POST-CODE-BOOK-.pdf"
"Digamadulla Weeragoda","32008","Sub Post Office","Ampara",,,"https://slpost.gov.lk/wp-content/uploads/2022/11/POST-CODE-BOOK-.pdf"
"Digana","20185","Post Office","Kandy",,,"https://slpost.gov.lk/wp-content/uploads/2022/11/POST-CODE-BOOK-.pdf"
"Diganakanda","70037","Sub Post Office","Ratnapura",,,"https://slpost.gov.lk/wp-content/uploads/2022/11/POST-CODE-BOOK-.pdf"
"Diganatenna","90132","Sub Post Office","Badulla",,,"https://slpost.gov.lk/wp-content/uploads/2022/11/POST-CODE-BOOK-.pdf"
"Digannewa","60485","Sub Post Office","Kurunegala",,,"https://slpost.gov.lk/wp-content/uploads/2022/11/POST-CODE-BOOK-.pdf"
"Dikkapitiya","90214","Sub Post Office","Badulla",,,"https://slpost.gov.lk/wp-content/uploads/2022/11/POST-CODE-BOOK-.pdf"
"Dikkumbura","80654","Sub Post Office","Galle",,,"https://slpost.gov.lk/wp-content/uploads/2022/11/POST-CODE-BOOK-.pdf"
"Dikoya","22050","Post Office","Nuwara Eliya",,,"https://slpost.gov.lk/wp-content/uploads/2022/11/POST-CODE-BOOK-.pdf"
"Dikwella","81200","Post Office","Matara",,,"https://slpost.gov.lk/wp-content/uploads/2022/11/POST-CODE-BOOK-.pdf"
"Dimbulagala","51031","Sub Post Office","Polonnaruwa",,,"https://slpost.gov.lk/wp-content/uploads/2022/11/POST-CODE-BOOK-.pdf"
"Dimbulana","90324","Sub Post Office","Badulla",,,"https://slpost.gov.lk/wp-content/uploads/2022/11/POST-CODE-BOOK-.pdf"
"Divulana","51003","Sub Post Office","Polonnaruwa",,,"https://slpost.gov.lk/wp-content/uploads/2022/11/POST-CODE-BOOK-.pdf"
"Divulankadawala","51428","Sub Post Office","Polonnaruwa",,,"https://slpost.gov.lk/wp-content/uploads/2022/11/POST-CODE-BOOK-.pdf"
"Divulapelessa","90726","Sub Post Office","Badulla",,,"https://slpost.gov.lk/wp-content/uploads/2022/11/POST-CODE-BOOK-.pdf"
"Divulapitiya","11250","Post Office","Gampaha",,,"https://slpost.gov.lk/wp-content/uploads/2022/11/POST-CODE-BOOK-.pdf"
"Divuldamana","51104","Sub Post Office","Polonnaruwa",,,"https://slpost.gov.lk/wp-content/uploads/2022/11/POST-CODE-BOOK-.pdf"
"Divuldeniya","11208","Sub Post Office","Gampaha",,,"https://slpost.gov.lk/wp-content/uploads/2022/11/POST-CODE-BOOK-.pdf"
"Divullegoda","60472","Sub Post Office","Kurunegala",,,"https://slpost.gov.lk/wp-content/uploads/2022/11/POST-CODE-BOOK-.pdf"
"Diwalakada","12308","Sub Post Office","Kalutara",,,"https://slpost.gov.lk/wp-content/uploads/2022/11/POST-CODE-BOOK-.pdf"
"Diyabeduma","51225","Sub Post Office","Polonnaruwa",,,"https://slpost.gov.lk/wp-content/uploads/2022/11/POST-CODE-BOOK-.pdf"
"Diyagaha","81038","Sub Post Office","Matara",,,"https://slpost.gov.lk/wp-content/uploads/2022/11/POST-CODE-BOOK-.pdf"
"Diyakobala","91514","Sub Post Office","Moneragala",,,"https://slpost.gov.lk/wp-content/uploads/2022/11/POST-CODE-BOOK-.pdf"
"Diyalape","81422","Sub Post Office","Matara",,,"https://slpost.gov.lk/wp-content/uploads/2022/11/POST-CODE-BOOK-.pdf"
"Diyasenpura","51504","Sub Post Office","Polonnaruwa",,,"https://slpost.gov.lk/wp-content/uploads/2022/11/POST-CODE-BOOK-.pdf"
"Diyatalawa","90150","Post Office","Badulla",,,"https://slpost.gov.lk/wp-content/uploads/2022/11/POST-CODE-BOOK-.pdf"
"Dodampe","70017","Sub Post Office","Ratnapura",,,"https://slpost.gov.lk/wp-content/uploads/2022/11/POST-CODE-BOOK-.pdf"
"Dodanduwa","80250","Post Office","Galle",,,"https://slpost.gov.lk/wp-content/uploads/2022/11/POST-CODE-BOOK-.pdf"
"Dodangaslanda","60530","Post Office","Kurunegala",,,"https://slpost.gov.lk/wp-content/uploads/2022/11/POST-CODE-BOOK-.pdf"
"Dodangoda","12020","Post Office","Kalutara",,,"https://slpost.gov.lk/wp-content/uploads/2022/11/POST-CODE-BOOK-.pdf"
"Dolapihilla","20126","Sub Post Office","Kandy",,,"https://slpost.gov.lk/wp-content/uploads/2022/11/POST-CODE-BOOK-.pdf"
"Dolosbage","20510","Post Office","Kandy",,,"https://slpost.gov.lk/wp-content/uploads/2022/11/POST-CODE-BOOK-.pdf"
"Doloswalakanda","70404","Sub Post Office","Ratnapura",,,"https://slpost.gov.lk/wp-content/uploads/2022/11/POST-CODE-BOOK-.pdf"
"Doluwa","20532","Post Office","Kandy",,,"https://slpost.gov.lk/wp-content/uploads/2022/11/POST-CODE-BOOK-.pdf"
"Dombagahawela","91010","Post Office","Moneragala",,,"https://slpost.gov.lk/wp-content/uploads/2022/11/POST-CODE-BOOK-.pdf"
"Dombagoda","12416","Sub Post Office","Kalutara",,,"https://slpost.gov.lk/wp-content/uploads/2022/11/POST-CODE-BOOK-.pdf"
"Dombemada","71115","Sub Post Office","Kegalle",,,"https://slpost.gov.lk/wp-content/uploads/2022/11/POST-CODE-BOOK-.pdf"
"Dompe","11680","Post Office","Gampaha",,,"https://slpost.gov.lk/wp-content/uploads/2022/11/POST-CODE-BOOK-.pdf"
"Doolgolla","90104","Sub Post Office","Badulla",,,"https://slpost.gov.lk/wp-content/uploads/2022/11/POST-CODE-BOOK-.pdf"
"Doragala","22567","Sub Post Office","Nuwara Eliya",,,"https://slpost.gov.lk/wp-content/uploads/2022/11/POST-CODE-BOOK-.pdf"
"Doragamuwa","20816","Sub Post Office","Kandy",,,"https://slpost.gov.lk/wp-content/uploads/2022/11/POST-CODE-BOOK-.pdf"
"Dorakumbura","32104","Sub Post Office","Ampara",,,"https://slpost.gov.lk/wp-content/uploads/2022/11/POST-CODE-BOOK-.pdf"
"Doratiyawa","60013","Sub Post Office","Kurunegala",,,"https://slpost.gov.lk/wp-content/uploads/2022/11/POST-CODE-BOOK-.pdf"
"Dorawaka","71601","Sub Post Office","Kegalle",,,"https://slpost.gov.lk/wp-content/uploads/2022/11/POST-CODE-BOOK-.pdf"
"Dullewa","21054","Sub Post Office","Matale",,,"https://slpost.gov.lk/wp-content/uploads/2022/11/POST-CODE-BOOK-.pdf"
"Dumbara Manana","70495","Sub Post Office","Ratnapura",,,"https://slpost.gov.lk/wp-content/uploads/2022/11/POST-CODE-BOOK-.pdf"
"Dummalasuriya","60260","Post Office","Kurunegala",,,"https://slpost.gov.lk/wp-content/uploads/2022/11/POST-CODE-BOOK-.pdf"
"Dunagaha","11264","Sub Post Office","Gampaha",,,"https://slpost.gov.lk/wp-content/uploads/2022/11/POST-CODE-BOOK-.pdf"
"Dunkannawa","61192","Sub Post Office","Puttalam",,,"https://slpost.gov.lk/wp-content/uploads/2022/11/POST-CODE-BOOK-.pdf"
"Dunkolawatte","21046","Sub Post Office","Matale",,,"https://slpost.gov.lk/wp-content/uploads/2022/11/POST-CODE-BOOK-.pdf"
"Dunukedeniya","22002","Sub Post Office","Nuwara Eliya",,,"https://slpost.gov.lk/wp-content/uploads/2022/11/POST-CODE-BOOK-.pdf"
"Dunumadalawa","50214","Sub Post Office","Anuradhapura",,,"https://slpost.gov.lk/wp-content/uploads/2022/11/POST-CODE-BOOK-.pdf"
"Dunumala","71605","Sub Post Office","Kegalle",,,"https://slpost.gov.lk/wp-content/uploads/2022/11/POST-CODE-BOOK-.pdf"
"Dunuwila","20824","Sub Post Office","Kandy",,,"https://slpost.gov.lk/wp-content/uploads/2022/11/POST-CODE-BOOK-.pdf"
"Dunuwilapitiya","21538","Sub Post Office","Matale",,,"https://slpost.gov.lk/wp-content/uploads/2022/11/POST-CODE-BOOK-.pdf"
"Dutuwewa","50393","Sub Post Office","Anuradhapura",,,"https://slpost.gov.lk/wp-content/uploads/2022/11/POST-CODE-BOOK-.pdf"
"Egodawela","90013","Sub Post Office","Badulla",,,"https://slpost.gov.lk/wp-content/uploads/2022/11/POST-CODE-BOOK-.pdf"
"Eheliyagoda","70600","Post Office","Ratnapura",,,"https://slpost.gov.lk/wp-content/uploads/2022/11/POST-CODE-BOOK-.pdf"
"Ehetuwewa","60716","Sub Post Office","Kurunegala",,,"https://slpost.gov.lk/wp-content/uploads/2022/11/POST-CODE-BOOK-.pdf"
"Ekala","11380","Post Office","Gampaha",,,"https://slpost.gov.lk/wp-content/uploads/2022/11/POST-CODE-BOOK-.pdf"
"Ekamuthugama","91254","Sub Post Office","Moneragala",,,"https://slpost.gov.lk/wp-content/uploads/2022/11/POST-CODE-BOOK-.pdf"
"Ekiriya","20732","Sub Post Office","Kandy",,,"https://slpost.gov.lk/wp-content/uploads/2022/11/POST-CODE-BOOK-.pdf"
"Ekiriyankumbura","91502","Sub Post Office","Moneragala",,,"https://slpost.gov.lk/wp-content/uploads/2022/11/POST-CODE-BOOK-.pdf"
"Elabadagama","60165","Sub Post Office","Kurunegala",,,"https://slpost.gov.lk/wp-content/uploads/2022/11/POST-CODE-BOOK-.pdf"
"Elahera","51258","Sub Post Office","Polonnaruwa",,,"https://slpost.gov.lk/wp-content/uploads/2022/11/POST-CODE-BOOK-.pdf"
"Elamulla","22742","Sub Post Office","Nuwara Eliya",,,"https://slpost.gov.lk/wp-content/uploads/2022/11/POST-CODE-BOOK-.pdf"
"Elapatha","70032","Sub Post Office","Ratnapura",,,"https://slpost.gov.lk/wp-content/uploads/2022/11/POST-CODE-BOOK-.pdf"
"Elayapattuwa","50014","Sub Post Office","Anuradhapura",,,"https://slpost.gov.lk/wp-content/uploads/2022/11/POST-CODE-BOOK-.pdf"
"Elibichchiya","60156","Sub Post Office","Kurunegala",,,"https://slpost.gov.lk/wp-content/uploads/2022/11/POST-CODE-BOOK-.pdf"
"Elkaduwa","21012","Sub Post Office","Matale",,,"https://slpost.gov.lk/wp-content/uploads/2022/11/POST-CODE-BOOK-.pdf"
"Ella","90090","Post Office","Badulla",,,"https://slpost.gov.lk/wp-content/uploads/2022/11/POST-CODE-BOOK-.pdf"
"Ella Tanabaddegama","80402","Sub Post Office","Galle",,,"https://slpost.gov.lk/wp-content/uploads/2022/11/POST-CODE-BOOK-.pdf"
"Ellagala","82619","Sub Post Office","Hambantota",,,"https://slpost.gov.lk/wp-content/uploads/2022/11/POST-CODE-BOOK-.pdf"
"Ellagawa","70492","Sub Post Office","Ratnapura",,,"https://slpost.gov.lk/wp-content/uploads/2022/11/POST-CODE-BOOK-.pdf"
"Ellakkala","11116","Sub Post Office","Gampaha",,,"https://slpost.gov.lk/wp-content/uploads/2022/11/POST-CODE-BOOK-.pdf"
"Ellaulla","70552","Sub Post Office","Ratnapura",,,"https://slpost.gov.lk/wp-content/uploads/2022/11/POST-CODE-BOOK-.pdf"
"Ellawala","70606","Sub Post Office","Ratnapura",,,"https://slpost.gov.lk/wp-content/uploads/2022/11/POST-CODE-BOOK-.pdf"
"Ellewewa","51034","Sub Post Office","Polonnaruwa",,,"https://slpost.gov.lk/wp-content/uploads/2022/11/POST-CODE-BOOK-.pdf"
"Elluvaithivu","40275","Sub Post Office","Jaffna",,,"https://slpost.gov.lk/wp-content/uploads/2022/11/POST-CODE-BOOK-.pdf"
"Elpitiya","80400","Post Office","Galle",,,"https://slpost.gov.lk/wp-content/uploads/2022/11/POST-CODE-BOOK-.pdf"
"Eluthumadduval","42580","Sub Post Office","Kilinochchi",,,"https://slpost.gov.lk/wp-content/uploads/2022/11/POST-CODE-BOOK-.pdf"
"Eluwankulama","61308","Sub Post Office","Puttalam",,,"https://slpost.gov.lk/wp-content/uploads/2022/11/POST-CODE-BOOK-.pdf"
"Embilipitiya","70200","Post Office","Ratnapura",,,"https://slpost.gov.lk/wp-content/uploads/2022/11/POST-CODE-BOOK-.pdf"
"Embogama","60718","Sub Post Office","Kurunegala",,,"https://slpost.gov.lk/wp-content/uploads/2022/11/POST-CODE-BOOK-.pdf"
"Endagala","50265","Sub Post Office","Anuradhapura",,,"https://slpost.gov.lk/wp-content/uploads/2022/11/POST-CODE-BOOK-.pdf"
"Endana","70156","Sub Post Office","Ratnapura",,,"https://slpost.gov.lk/wp-content/uploads/2022/11/POST-CODE-BOOK-.pdf"
"Eppawala","50260","Post Office","Anuradhapura",,,"https://slpost.gov.lk/wp-content/uploads/2022/11/POST-CODE-BOOK-.pdf"
"Eratna","70506","Sub Post Office","Ratnapura",,,"https://slpost.gov.lk/wp-content/uploads/2022/11/POST-CODE-BOOK-.pdf"
"Eravur","30300","Post Office","Batticaloa",,,"https://slpost.gov.lk/wp-content/uploads/2022/11/POST-CODE-BOOK-.pdf"
"Erawula Junction","21108","Sub Post Office","Matale",,,"https://slpost.gov.lk/wp-content/uploads/2022/11/POST-CODE-BOOK-.pdf"
"Erepola","70602","Sub Post Office","Ratnapura",,,"https://slpost.gov.lk/wp-content/uploads/2022/11/POST-CODE-BOOK-.pdf"
"Erlalai","40080","Sub Post Office","Jaffna",,,"https://slpost.gov.lk/wp-content/uploads/2022/11/POST-CODE-BOOK-.pdf"
"Erukkalampiddy","41200","Post Office","Mannar",,,"https://slpost.gov.lk/wp-content/uploads/2022/11/POST-CODE-BOOK-.pdf"
"Essella","11108","Sub Post Office","Gampaha",,,"https://slpost.gov.lk/wp-content/uploads/2022/11/POST-CODE-BOOK-.pdf"
"Etanwala","21402","Sub Post Office","Matale",,,"https://slpost.gov.lk/wp-content/uploads/2022/11/POST-CODE-BOOK-.pdf"
"Etawatunuwewa","50584","Sub Post Office","Anuradhapura",,,"https://slpost.gov.lk/wp-content/uploads/2022/11/POST-CODE-BOOK-.pdf"
"Etaweeragollewa","50518","Sub Post Office","Anuradhapura",,,"https://slpost.gov.lk/wp-content/uploads/2022/11/POST-CODE-BOOK-.pdf"
"Ethiliwewa","91250","Post Office","Moneragala",,,"https://slpost.gov.lk/wp-content/uploads/2022/11/POST-CODE-BOOK-.pdf"
"Ethimalewewa","91020","Post Office","Moneragala",,,"https://slpost.gov.lk/wp-content/uploads/2022/11/POST-CODE-BOOK-.pdf"
"Ethkandura","80458","Sub Post Office","Galle",,,"https://slpost.gov.lk/wp-content/uploads/2022/11/POST-CODE-BOOK-.pdf"
"Ethumale","80112","Sub Post Office","Galle",,,"https://slpost.gov.lk/wp-content/uploads/2022/11/POST-CODE-BOOK-.pdf"
"Etiyawala","61141","Sub Post Office","Puttalam",,,"https://slpost.gov.lk/wp-content/uploads/2022/11/POST-CODE-BOOK-.pdf"
"Ettale","61343","Sub Post Office","Puttalam",,,"https://slpost.gov.lk/wp-content/uploads/2022/11/POST-CODE-BOOK-.pdf"
"Ettampitiya","90140","Post Office","Badulla",,,"https://slpost.gov.lk/wp-content/uploads/2022/11/POST-CODE-BOOK-.pdf"
"Etulgama","20202","Sub Post Office","Kandy",,,"https://slpost.gov.lk/wp-content/uploads/2022/11/POST-CODE-BOOK-.pdf"
"Etungahakotuwa","60266","Sub Post Office","Kurunegala",,,"https://slpost.gov.lk/wp-content/uploads/2022/11/POST-CODE-BOOK-.pdf"
"Galabedda","91008","Sub Post Office","Moneragala",,,"https://slpost.gov.lk/wp-content/uploads/2022/11/POST-CODE-BOOK-.pdf"
"Galaboda","20664","Sub Post Office","Kandy",,,"https://slpost.gov.lk/wp-content/uploads/2022/11/POST-CODE-BOOK-.pdf"
"Galabodawatta","20915","Sub Post Office","Kandy",,,"https://slpost.gov.lk/wp-content/uploads/2022/11/POST-CODE-BOOK-.pdf"
"Galadivulwewa","50210","Sub Post Office","Anuradhapura",,,"https://slpost.gov.lk/wp-content/uploads/2022/11/POST-CODE-BOOK-.pdf"
"Galagedara","20100","Post Office","Kandy",,,"https://slpost.gov.lk/wp-content/uploads/2022/11/POST-CODE-BOOK-.pdf"
"Galaha","20420","Post Office","Kandy",,,"https://slpost.gov.lk/wp-content/uploads/2022/11/POST-CODE-BOOK-.pdf"
"Galamuna","51416","Sub Post Office","Polonnaruwa",,,"https://slpost.gov.lk/wp-content/uploads/2022/11/POST-CODE-BOOK-.pdf"
"Galapitagala","32066","Sub Post Office","Ampara",,,"https://slpost.gov.lk/wp-content/uploads/2022/11/POST-CODE-BOOK-.pdf"
"Galapitamada","71603","Post Office","Kegalle",,,"https://slpost.gov.lk/wp-content/uploads/2022/11/POST-CODE-BOOK-.pdf"
"Galatara","71505","Sub Post Office","Kegalle",,,"https://slpost.gov.lk/wp-content/uploads/2022/11/POST-CODE-BOOK-.pdf"
"Galauda","90065","Sub Post Office","Badulla",,,"https://slpost.gov.lk/wp-content/uploads/2022/11/POST-CODE-BOOK-.pdf"
"Galedanda","90206","Sub Post Office","Badulla",,,"https://slpost.gov.lk/wp-content/uploads/2022/11/POST-CODE-BOOK-.pdf"
"Galenbindunuwewa","50390","Post Office","Anuradhapura",,,"https://slpost.gov.lk/wp-content/uploads/2022/11/POST-CODE-BOOK-.pdf"
"Galewela","21200","Post Office","Matale",,,"https://slpost.gov.lk/wp-content/uploads/2022/11/POST-CODE-BOOK-.pdf"
"Galgamuwa","60700","Post Office","Kurunegala",,,"https://slpost.gov.lk/wp-content/uploads/2022/11/POST-CODE-BOOK-.pdf"
"Galhinna","20152","Sub Post Office","Kandy",,,"https://slpost.gov.lk/wp-content/uploads/2022/11/POST-CODE-BOOK-.pdf"
"Galigamuwa Town","71350","Post Office","Kegalle",,,"https://slpost.gov.lk/wp-content/uploads/2022/11/POST-CODE-BOOK-.pdf"
"Galkadawala","50006","Sub Post Office","Anuradhapura",,,"https://slpost.gov.lk/wp-content/uploads/2022/11/POST-CODE-BOOK-.pdf"
"Galkiriyagama","50120","Post Office","Anuradhapura",,,"https://slpost.gov.lk/wp-content/uploads/2022/11/POST-CODE-BOOK-.pdf"
"Galkulama","50064","Sub Post Office","Anuradhapura",,,"https://slpost.gov.lk/wp-content/uploads/2022/11/POST-CODE-BOOK-.pdf"
"Galle","80000","Post Office","Galle",,,"https://slpost.gov.lk/wp-content/uploads/2022/11/POST-CODE-BOOK-.pdf"
"Gallella","70062","Sub Post Office","Ratnapura",,,"https://slpost.gov.lk/wp-content/uploads/2022/11/POST-CODE-BOOK-.pdf"
"Gallellagama","20095","Sub Post Office","Kandy",,,"https://slpost.gov.lk/wp-content/uploads/2022/11/POST-CODE-BOOK-.pdf"
"Gallewa","60712","Sub Post Office","Kurunegala",,,"https://slpost.gov.lk/wp-content/uploads/2022/11/POST-CODE-BOOK-.pdf"
"Galmetiyawa","31318","Sub Post Office","Trincomalee",,,"https://slpost.gov.lk/wp-content/uploads/2022/11/POST-CODE-BOOK-.pdf"
"Galmuruwa","61233","Sub Post Office","Puttalam",,,"https://slpost.gov.lk/wp-content/uploads/2022/11/POST-CODE-BOOK-.pdf"
"Galnewa","50170","Post Office","Anuradhapura",,,"https://slpost.gov.lk/wp-content/uploads/2022/11/POST-CODE-BOOK-.pdf"
"Galoya Junction","51375","Sub Post Office","Polonnaruwa",,,"https://slpost.gov.lk/wp-content/uploads/2022/11/POST-CODE-BOOK-.pdf"
"Galpatha","12005","Sub Post Office","Kalutara",,,"https://slpost.gov.lk/wp-content/uploads/2022/11/POST-CODE-BOOK-.pdf"
"Galpatha (Sab)","71312","Sub Post Office","Kegalle",,,"https://slpost.gov.lk/wp-content/uploads/2022/11/POST-CODE-BOOK-.pdf"
"Galporuyaya","90752","Sub Post Office","Badulla",,,"https://slpost.gov.lk/wp-content/uploads/2022/11/POST-CODE-BOOK-.pdf"
"Gamagoda","12016","Sub Post Office","Kalutara",,,"https://slpost.gov.lk/wp-content/uploads/2022/11/POST-CODE-BOOK-.pdf"
"Gambirigaswewa","50057","Sub Post Office","Anuradhapura",,,"https://slpost.gov.lk/wp-content/uploads/2022/11/POST-CODE-BOOK-.pdf"
"Gamewela","90512","Sub Post Office","Badulla",,,"https://slpost.gov.lk/wp-content/uploads/2022/11/POST-CODE-BOOK-.pdf"
"Gammaduwa","21068","Sub Post Office","Matale",,,"https://slpost.gov.lk/wp-content/uploads/2022/11/POST-CODE-BOOK-.pdf"
"Gampaha","11000","Post Office","Gampaha",,,"https://slpost.gov.lk/wp-content/uploads/2022/11/POST-CODE-BOOK-.pdf"
"Gampola","20500","Post Office","Kandy",,,"https://slpost.gov.lk/wp-content/uploads/2022/11/POST-CODE-BOOK-.pdf"
"Gandara","81170","Post Office","Matara",,,"https://slpost.gov.lk/wp-content/uploads/2022/11/POST-CODE-BOOK-.pdf"
"Ganegoda","80440","Post Office","Galle",,,"https://slpost.gov.lk/wp-content/uploads/2022/11/POST-CODE-BOOK-.pdf"
"Ganemulla","11020","Post Office","Gampaha",,,"https://slpost.gov.lk/wp-content/uploads/2022/11/POST-CODE-BOOK-.pdf"
"Ganewalpola","50142","Sub Post Office","Anuradhapura",,,"https://slpost.gov.lk/wp-content/uploads/2022/11/POST-CODE-BOOK-.pdf"
"Gangala Puwakpitiya","21404","Sub Post Office","Matale",,,"https://slpost.gov.lk/wp-content/uploads/2022/11/POST-CODE-BOOK-.pdf"
"Gangeyaya","70195","Sub Post Office","Ratnapura",,,"https://slpost.gov.lk/wp-content/uploads/2022/11/POST-CODE-BOOK-.pdf"
"Gangulandeniya","82506","Sub Post Office","Hambantota",,,"https://slpost.gov.lk/wp-content/uploads/2022/11/POST-CODE-BOOK-.pdf"
"Gannewa Udagama","20735","Sub Post Office","Kandy",,,"https://slpost.gov.lk/wp-content/uploads/2022/11/POST-CODE-BOOK-.pdf"
"Gantuna","71222","Sub Post Office","Kegalle",,,"https://slpost.gov.lk/wp-content/uploads/2022/11/POST-CODE-BOOK-.pdf"
"Gawaragiriya","70026","Sub Post Office","Ratnapura",,,"https://slpost.gov.lk/wp-content/uploads/2022/11/POST-CODE-BOOK-.pdf"
"Gawaranhena","70097","Sub Post Office","Ratnapura",,,"https://slpost.gov.lk/wp-content/uploads/2022/11/POST-CODE-BOOK-.pdf"
"Gawarawela","90082","Sub Post Office","Badulla",,,"https://slpost.gov.lk/wp-content/uploads/2022/11/POST-CODE-BOOK-.pdf"
"Gelioya","20620","Post Office","Kandy",,,"https://slpost.gov.lk/wp-content/uploads/2022/11/POST-CODE-BOOK-.pdf"
"Gemunupura","50224","Sub Post Office","Anuradhapura",,,"https://slpost.gov.lk/wp-content/uploads/2022/11/POST-CODE-BOOK-.pdf"
"Getahetta","70620","Post Office","Ratnapura",,,"https://slpost.gov.lk/wp-content/uploads/2022/11/POST-CODE-BOOK-.pdf"
"Getalawa","50392","Sub Post Office","Anuradhapura",,,"https://slpost.gov.lk/wp-content/uploads/2022/11/POST-CODE-BOOK-.pdf"
"Getamanna","82420","Post Office","Hambantota",,,"https://slpost.gov.lk/wp-content/uploads/2022/11/POST-CODE-BOOK-.pdf"
"Gillimale","70002","Sub Post Office","Ratnapura",,,"https://slpost.gov.lk/wp-content/uploads/2022/11/POST-CODE-BOOK-.pdf"
"Ginigathhena","22680","Post Office","Nuwara Eliya",,,"https://slpost.gov.lk/wp-content/uploads/2022/11/POST-CODE-BOOK-.pdf"
"Ginimellagaha","80220","Post Office","Galle",,,"https://slpost.gov.lk/wp-content/uploads/2022/11/POST-CODE-BOOK-.pdf"
"Gintota","80280","Post Office","Galle",,,"https://slpost.gov.lk/wp-content/uploads/2022/11/POST-CODE-BOOK-.pdf"
"Girandurukotte","90750","Post Office","Badulla",,,"https://slpost.gov.lk/wp-content/uploads/2022/11/POST-CODE-BOOK-.pdf"
"Girathalana","60752","Sub Post Office","Kurunegala",,,"https://slpost.gov.lk/wp-content/uploads/2022/11/POST-CODE-BOOK-.pdf"
"Giritale","51026","Sub Post Office","Polonnaruwa",,,"https://slpost.gov.lk/wp-content/uploads/2022/11/POST-CODE-BOOK-.pdf"
"Giriulla","60140","Post Office","Kurunegala",,,"https://slpost.gov.lk/wp-content/uploads/2022/11/POST-CODE-BOOK-.pdf"
"Gnanikulam","50036","Sub Post Office","Anuradhapura",,,"https://slpost.gov.lk/wp-content/uploads/2022/11/POST-CODE-BOOK-.pdf"
"Goda Koggalla","82104","Sub Post Office","Hambantota",,,"https://slpost.gov.lk/wp-content/uploads/2022/11/POST-CODE-BOOK-.pdf"
"Godagampola","70556","Sub Post Office","Ratnapura",,,"https://slpost.gov.lk/wp-content/uploads/2022/11/POST-CODE-BOOK-.pdf"
"Godahena","80302","Sub Post Office","Galle",,,"https://slpost.gov.lk/wp-content/uploads/2022/11/POST-CODE-BOOK-.pdf"
"Godakawela","70160","Post Office","Ratnapura",,,"https://slpost.gov.lk/wp-content/uploads/2022/11/POST-CODE-BOOK-.pdf"
"Godamunna","20214","Sub Post Office","Kandy",,,"https://slpost.gov.lk/wp-content/uploads/2022/11/POST-CODE-BOOK-.pdf"
"Godapitiya","81408","Sub Post Office","Matara",,,"https://slpost.gov.lk/wp-content/uploads/2022/11/POST-CODE-BOOK-.pdf"
"Godunna","90067","Sub Post Office","Badulla",,,"https://slpost.gov.lk/wp-content/uploads/2022/11/POST-CODE-BOOK-.pdf"
"Gokarella","60522","Sub Post Office","Kurunegala",,,"https://slpost.gov.lk/wp-content/uploads/2022/11/POST-CODE-BOOK-.pdf"
"Gomagoda","20184","Sub Post Office","Kandy",,,"https://slpost.gov.lk/wp-content/uploads/2022/11/POST-CODE-BOOK-.pdf"
"Gomarankadawala","31026","Sub Post Office","Trincomalee",,,"https://slpost.gov.lk/wp-content/uploads/2022/11/POST-CODE-BOOK-.pdf"
"Gombaddala","81073","Sub Post Office","Matara",,,"https://slpost.gov.lk/wp-content/uploads/2022/11/POST-CODE-BOOK-.pdf"
"Gomila Mawarala","81072","Sub Post Office","Matara",,,"https://slpost.gov.lk/wp-content/uploads/2022/11/POST-CODE-BOOK-.pdf"
"Gonagala","71318","Sub Post Office","Kegalle",,,"https://slpost.gov.lk/wp-content/uploads/2022/11/POST-CODE-BOOK-.pdf"
"Gonagalapura","80502","Sub Post Office","Galle",,,"https://slpost.gov.lk/wp-content/uploads/2022/11/POST-CODE-BOOK-.pdf"
"Gonagama","60005","Sub Post Office","Kurunegala",,,"https://slpost.gov.lk/wp-content/uploads/2022/11/POST-CODE-BOOK-.pdf"
"Gonagamuwa Uduwila","82602","Sub Post Office","Hambantota",,,"https://slpost.gov.lk/wp-content/uploads/2022/11/POST-CODE-BOOK-.pdf"
"Gonaganara","91107","Sub Post Office","Moneragala",,,"https://slpost.gov.lk/wp-content/uploads/2022/11/POST-CODE-BOOK-.pdf"
"Gonagantenna","20712","Sub Post Office","Kandy",,,"https://slpost.gov.lk/wp-content/uploads/2022/11/POST-CODE-BOOK-.pdf"
"Gonagolla","32064","Sub Post Office","Ampara",,,"https://slpost.gov.lk/wp-content/uploads/2022/11/POST-CODE-BOOK-.pdf"
"Gonahaddenawa","50554","Sub Post Office","Anuradhapura",,,"https://slpost.gov.lk/wp-content/uploads/2022/11/POST-CODE-BOOK-.pdf"
"Gonakele","22226","Sub Post Office","Nuwara Eliya",,,"https://slpost.gov.lk/wp-content/uploads/2022/11/POST-CODE-BOOK-.pdf"
"Gonamulla Junction","80054","Sub Post Office","Galle",,,"https://slpost.gov.lk/wp-content/uploads/2022/11/POST-CODE-BOOK-.pdf"
"Gonapinuwala","80230","Post Office","Galle",,,"https://slpost.gov.lk/wp-content/uploads/2022/11/POST-CODE-BOOK-.pdf"
"Gonapola Junction","12410","Post Office","Kalutara",,,"https://slpost.gov.lk/wp-content/uploads/2022/11/POST-CODE-BOOK-.pdf"
"Gonawala","11630","Post Office","Gampaha","Western Province",,"https://slpost.gov.lk/wp-content/uploads/2022/11/POST-CODE-BOOK-.pdf"
"Gonawalapatana","20656","Sub Post Office","Kandy",,,"https://slpost.gov.lk/wp-content/uploads/2022/11/POST-CODE-BOOK-.pdf"
"Gonawila","60170","Post Office","Kurunegala",,,"https://slpost.gov.lk/wp-content/uploads/2022/11/POST-CODE-BOOK-.pdf"
"Gongitota","11315","Sub Post Office","Gampaha",,,"https://slpost.gov.lk/wp-content/uploads/2022/11/POST-CODE-BOOK-.pdf"
"Gonnoruwa","82006","Sub Post Office","Hambantota",,,"https://slpost.gov.lk/wp-content/uploads/2022/11/POST-CODE-BOOK-.pdf"
"Govinna","12310","Post Office","Kalutara",,,"https://slpost.gov.lk/wp-content/uploads/2022/11/POST-CODE-BOOK-.pdf"
"Gunnepana","20270","Post Office","Kandy",,,"https://slpost.gov.lk/wp-content/uploads/2022/11/POST-CODE-BOOK-.pdf"
"Gurubewilagama","70136","Sub Post Office","Ratnapura",,,"https://slpost.gov.lk/wp-content/uploads/2022/11/POST-CODE-BOOK-.pdf"
"Gurudeniya","20189","Sub Post Office","Kandy",,,"https://slpost.gov.lk/wp-content/uploads/2022/11/POST-CODE-BOOK-.pdf"
"Gurulubedda","12236","Sub Post Office","Kalutara",,,"https://slpost.gov.lk/wp-content/uploads/2022/11/POST-CODE-BOOK-.pdf"
"Gurutalawa","90208","Post Office","Badulla",,,"https://slpost.gov.lk/wp-content/uploads/2022/11/POST-CODE-BOOK-.pdf"
"Habaraduwa","80630","Post Office","Galle",,,"https://slpost.gov.lk/wp-content/uploads/2022/11/POST-CODE-BOOK-.pdf"
"Habarakada","10204","Sub Post Office","Colombo",,,"https://slpost.gov.lk/wp-content/uploads/2022/11/POST-CODE-BOOK-.pdf"
"Habarana","50150","Post Office","Anuradhapura",,,"https://slpost.gov.lk/wp-content/uploads/2022/11/POST-CODE-BOOK-.pdf"
"Haburugala","80506","Sub Post Office","Galle",,,"https://slpost.gov.lk/wp-content/uploads/2022/11/POST-CODE-BOOK-.pdf"
"Haggala","22208","Sub Post Office","Nuwara Eliya",,,"https://slpost.gov.lk/wp-content/uploads/2022/11/POST-CODE-BOOK-.pdf"
"Hakabellawaka","71715","Sub Post Office","Kegalle",,,"https://slpost.gov.lk/wp-content/uploads/2022/11/POST-CODE-BOOK-.pdf"
"Hakahinna","71352","Sub Post Office","Kegalle",,,"https://slpost.gov.lk/wp-content/uploads/2022/11/POST-CODE-BOOK-.pdf"
"Hakmana","81300","Post Office","Matara",,,"https://slpost.gov.lk/wp-content/uploads/2022/11/POST-CODE-BOOK-.pdf"
"Hakuruwela","82248","Sub Post Office","Hambantota",,,"https://slpost.gov.lk/wp-content/uploads/2022/11/POST-CODE-BOOK-.pdf"
"Haldanduwana","61135","Sub Post Office","Puttalam",,,"https://slpost.gov.lk/wp-content/uploads/2022/11/POST-CODE-BOOK-.pdf"
"Haldummulla","90180","Post Office","Badulla",,,"https://slpost.gov.lk/wp-content/uploads/2022/11/POST-CODE-BOOK-.pdf"
"Halgranoya","22240","Post Office","Nuwara Eliya",,,"https://slpost.gov.lk/wp-content/uploads/2022/11/POST-CODE-BOOK-.pdf"
"Hali Ela","90060","Post Office","Badulla",,,"https://slpost.gov.lk/wp-content/uploads/2022/11/POST-CODE-BOOK-.pdf"
"Halkandawila","12055","Post Office","Kalutara",,,"https://slpost.gov.lk/wp-content/uploads/2022/11/POST-CODE-BOOK-.pdf"
"Halmillawetiya","50552","Sub Post Office","Anuradhapura",,,"https://slpost.gov.lk/wp-content/uploads/2022/11/POST-CODE-BOOK-.pdf"
"Halmillawewa","60441","Sub Post Office","Kurunegala",,,"https://slpost.gov.lk/wp-content/uploads/2022/11/POST-CODE-BOOK-.pdf"
"Halmillewa Dambulla","50124","Sub Post Office","Anuradhapura",,,"https://slpost.gov.lk/wp-content/uploads/2022/11/POST-CODE-BOOK-.pdf"
"Haloluwa","20032","Sub Post Office","Kandy",,,"https://slpost.gov.lk/wp-content/uploads/2022/11/POST-CODE-BOOK-.pdf"
"Haloya","20515","Sub Post Office","Kandy",,,"https://slpost.gov.lk/wp-content/uploads/2022/11/POST-CODE-BOOK-.pdf"
"Halpe","70145","Sub Post Office","Ratnapura",,,"https://slpost.gov.lk/wp-content/uploads/2022/11/POST-CODE-BOOK-.pdf"
"Haltota","12538","Sub Post Office","Kalutara",,,"https://slpost.gov.lk/wp-content/uploads/2022/11/POST-CODE-BOOK-.pdf"
"Halvitigala Colony","80146","Sub Post Office","Galle",,,"https://slpost.gov.lk/wp-content/uploads/2022/11/POST-CODE-BOOK-.pdf"
"Halwala","12118","Sub Post Office","Kalutara",,,"https://slpost.gov.lk/wp-content/uploads/2022/11/POST-CODE-BOOK-.pdf"
"Halwatura","12306","Sub Post Office","Kalutara",,,"https://slpost.gov.lk/wp-content/uploads/2022/11/POST-CODE-BOOK-.pdf"
"Halwinna","70171","Sub Post Office","Ratnapura",,,"https://slpost.gov.lk/wp-content/uploads/2022/11/POST-CODE-BOOK-.pdf"
"Hambantota","82000","Post Office","Hambantota",,,"https://slpost.gov.lk/wp-content/uploads/2022/11/POST-CODE-BOOK-.pdf"
"Hambegamuwa","91308","Sub Post Office","Moneragala",,,"https://slpost.gov.lk/wp-content/uploads/2022/11/POST-CODE-BOOK-.pdf"
"Handaganawa","20984","Sub Post Office","Kandy",,,"https://slpost.gov.lk/wp-content/uploads/2022/11/POST-CODE-BOOK-.pdf"
"Handagiriya","70106","Sub Post Office","Ratnapura",,,"https://slpost.gov.lk/wp-content/uploads/2022/11/POST-CODE-BOOK-.pdf"
"Handapangoda","10524","Sub Post Office","Colombo",,,"https://slpost.gov.lk/wp-content/uploads/2022/11/POST-CODE-BOOK-.pdf"
"Handawalapitiya","20438","Sub Post Office","Kandy",,,"https://slpost.gov.lk/wp-content/uploads/2022/11/POST-CODE-BOOK-.pdf"
"Handessa","20480","Post Office","Kandy",,,"https://slpost.gov.lk/wp-content/uploads/2022/11/POST-CODE-BOOK-.pdf"
"Handugala","81326","Sub Post Office","Matara",,,"https://slpost.gov.lk/wp-content/uploads/2022/11/POST-CODE-BOOK-.pdf"
"Handungamuwa","21536","Sub Post Office","Matale",,,"https://slpost.gov.lk/wp-content/uploads/2022/11/POST-CODE-BOOK-.pdf"
"Hangarapitiya","22044","Sub Post Office","Nuwara Eliya",,,"https://slpost.gov.lk/wp-content/uploads/2022/11/POST-CODE-BOOK-.pdf"
"Hangunnawa","90224","Sub Post Office","Badulla",,,"https://slpost.gov.lk/wp-content/uploads/2022/11/POST-CODE-BOOK-.pdf"
"Hanguranketha","20710","Post Office","Kandy",,,"https://slpost.gov.lk/wp-content/uploads/2022/11/POST-CODE-BOOK-.pdf"
"Hansayapalama","51098","Sub Post Office","Polonnaruwa",,,"https://slpost.gov.lk/wp-content/uploads/2022/11/POST-CODE-BOOK-.pdf"
"Hanwella","10650","Post Office","Colombo",,,"https://slpost.gov.lk/wp-content/uploads/2022/11/POST-CODE-BOOK-.pdf"
"Hapugastalawa","22668","Sub Post Office","Nuwara Eliya",,,"https://slpost.gov.lk/wp-content/uploads/2022/11/POST-CODE-BOOK-.pdf"
"Hapugastenna","70164","Sub Post Office","Ratnapura",,,"https://slpost.gov.lk/wp-content/uploads/2022/11/POST-CODE-BOOK-.pdf"
"Haputale","90160","Post Office","Badulla",,,"https://slpost.gov.lk/wp-content/uploads/2022/11/POST-CODE-BOOK-.pdf"
"Harangalagama","22669","Sub Post Office","Nuwara Eliya",,,"https://slpost.gov.lk/wp-content/uploads/2022/11/POST-CODE-BOOK-.pdf"
"Harankahawa","20092","Sub Post Office","Kandy",,,"https://slpost.gov.lk/wp-content/uploads/2022/11/POST-CODE-BOOK-.pdf"
"Harasbedda","22262","Sub Post Office","Nuwara Eliya",,,"https://slpost.gov.lk/wp-content/uploads/2022/11/POST-CODE-BOOK-.pdf"
"Hasalaka","20960","Post Office","Kandy",,,"https://slpost.gov.lk/wp-content/uploads/2022/11/POST-CODE-BOOK-.pdf"
"Hatangala","70105","Sub Post Office","Ratnapura",,,"https://slpost.gov.lk/wp-content/uploads/2022/11/POST-CODE-BOOK-.pdf"
"Hatarabage","70108","Sub Post Office","Ratnapura",,,"https://slpost.gov.lk/wp-content/uploads/2022/11/POST-CODE-BOOK-.pdf"
"Hataraliyadda","20060","Post Office","Kandy",,,"https://slpost.gov.lk/wp-content/uploads/2022/11/POST-CODE-BOOK-.pdf"
"Hathporuwa","82013","Sub Post Office","Hambantota",,,"https://slpost.gov.lk/wp-content/uploads/2022/11/POST-CODE-BOOK-.pdf"
"Hatton","22000","Post Office","Nuwara Eliya",,,"https://slpost.gov.lk/wp-content/uploads/2022/11/POST-CODE-BOOK-.pdf"
"Hattota Amuna","21514","Sub Post Office","Matale",,,"https://slpost.gov.lk/wp-content/uploads/2022/11/POST-CODE-BOOK-.pdf"
"Havelock Town","00500","Post Office","Colombo",,,"https://slpost.gov.lk/wp-content/uploads/2022/11/POST-CODE-BOOK-.pdf"
"Hawpe","80132","Sub Post Office","Galle",,,"https://slpost.gov.lk/wp-content/uploads/2022/11/POST-CODE-BOOK-.pdf"
"Hebarawa","90724","Sub Post Office","Badulla",,,"https://slpost.gov.lk/wp-content/uploads/2022/11/POST-CODE-BOOK-.pdf"
"Hebbekanda","22683","Sub Post Office","Nuwara Eliya",,,"https://slpost.gov.lk/wp-content/uploads/2022/11/POST-CODE-BOOK-.pdf"
"Hedigalla Colony","12234","Sub Post Office","Kalutara",,,"https://slpost.gov.lk/wp-content/uploads/2022/11/POST-CODE-BOOK-.pdf"
"Hedunuwewa","22024","Sub Post Office","Nuwara Eliya",,,"https://slpost.gov.lk/wp-content/uploads/2022/11/POST-CODE-BOOK-.pdf"
"Heeloya","90112","Sub Post Office","Badulla",,,"https://slpost.gov.lk/wp-content/uploads/2022/11/POST-CODE-BOOK-.pdf"
"Heiyanthuduwa","11618","Post Office","Gampaha",,,"https://slpost.gov.lk/wp-content/uploads/2022/11/POST-CODE-BOOK-.pdf"
"Helahalpe","90122","Sub Post Office","Badulla",,,"https://slpost.gov.lk/wp-content/uploads/2022/11/POST-CODE-BOOK-.pdf"
"Helamada","71046","Sub Post Office","Kegalle",,,"https://slpost.gov.lk/wp-content/uploads/2022/11/POST-CODE-BOOK-.pdf"
"Helapupula","90094","Sub Post Office","Badulla",,,"https://slpost.gov.lk/wp-content/uploads/2022/11/POST-CODE-BOOK-.pdf"
"Hemmatagama","71530","Post Office","Kegalle",,,"https://slpost.gov.lk/wp-content/uploads/2022/11/POST-CODE-BOOK-.pdf"
"Hendala","11307","Sub Post Office","Gampaha",,,"https://slpost.gov.lk/wp-content/uploads/2022/11/POST-CODE-BOOK-.pdf"
"Henegama","11715","Post Office","Gampaha",,,"https://slpost.gov.lk/wp-content/uploads/2022/11/POST-CODE-BOOK-.pdf"
"Hengamuwa","60414","Sub Post Office","Kurunegala",,,"https://slpost.gov.lk/wp-content/uploads/2022/11/POST-CODE-BOOK-.pdf"
"Hettikanda","70058","Sub Post Office","Ratnapura",,,"https://slpost.gov.lk/wp-content/uploads/2022/11/POST-CODE-BOOK-.pdf"
"Hettimulla","71210","Post Office","Kegalle",,,"https://slpost.gov.lk/wp-content/uploads/2022/11/POST-CODE-BOOK-.pdf"
"Hettipola","60430","Post Office","Kurunegala",,,"https://slpost.gov.lk/wp-content/uploads/2022/11/POST-CODE-BOOK-.pdf"
"Hewadiwela","71108","Sub Post Office","Kegalle",,,"https://slpost.gov.lk/wp-content/uploads/2022/11/POST-CODE-BOOK-.pdf"
"Hewaheta","20440","Sub Post Office","Kandy",,,"https://slpost.gov.lk/wp-content/uploads/2022/11/POST-CODE-BOOK-.pdf"
"Hewainna","10714","Sub Post Office","Colombo",,,"https://slpost.gov.lk/wp-content/uploads/2022/11/POST-CODE-BOOK-.pdf"
"Hewanakumbura","90358","Sub Post Office","Badulla",,,"https://slpost.gov.lk/wp-content/uploads/2022/11/POST-CODE-BOOK-.pdf"
"Hewanwatta","90607","Sub Post Office","Badulla",,,"https://slpost.gov.lk/wp-content/uploads/2022/11/POST-CODE-BOOK-.pdf"
"Hidellana","70012","Sub Post Office","Ratnapura",,,"https://slpost.gov.lk/wp-content/uploads/2022/11/POST-CODE-BOOK-.pdf"
"Hidogama","50044","Sub Post Office","Anuradhapura",,,"https://slpost.gov.lk/wp-content/uploads/2022/11/POST-CODE-BOOK-.pdf"
"Hikkaduwa","80240","Post Office","Galle",,,"https://slpost.gov.lk/wp-content/uploads/2022/11/POST-CODE-BOOK-.pdf"
"Hilogama","60486","Sub Post Office","Kurunegala",,,"https://slpost.gov.lk/wp-content/uploads/2022/11/POST-CODE-BOOK-.pdf"
"Hinatiyana Madawala","11568","Sub Post Office","Gampaha",,,"https://slpost.gov.lk/wp-content/uploads/2022/11/POST-CODE-BOOK-.pdf"
"Hindagala","20414","Sub Post Office","Kandy",,,"https://slpost.gov.lk/wp-content/uploads/2022/11/POST-CODE-BOOK-.pdf"
"Hindagolla","60034","Sub Post Office","Kurunegala",,,"https://slpost.gov.lk/wp-content/uploads/2022/11/POST-CODE-BOOK-.pdf"
"Hingula","71520","Post Office","Kegalle",,,"https://slpost.gov.lk/wp-content/uploads/2022/11/POST-CODE-BOOK-.pdf"
"Hingurakdamana","51408","Sub Post Office","Polonnaruwa",,,"https://slpost.gov.lk/wp-content/uploads/2022/11/POST-CODE-BOOK-.pdf"
"Hingurakgoda","51400","Post Office","Polonnaruwa",,,"https://slpost.gov.lk/wp-content/uploads/2022/11/POST-CODE-BOOK-.pdf"
"Hinguralakanda","71417","Sub Post Office","Kegalle",,,"https://slpost.gov.lk/wp-content/uploads/2022/11/POST-CODE-BOOK-.pdf"
"Hingurana","32010","Post Office","Ampara",,,"https://slpost.gov.lk/wp-content/uploads/2022/11/POST-CODE-BOOK-.pdf"
"Hingurukaduwa","90508","Sub Post Office","Badulla",,,"https://slpost.gov.lk/wp-content/uploads/2022/11/POST-CODE-BOOK-.pdf"
"Hiniduma","80080","Post Office","Galle",,,"https://slpost.gov.lk/wp-content/uploads/2022/11/POST-CODE-BOOK-.pdf"
"Hiramadagama","70296","Sub Post Office","Ratnapura",,,"https://slpost.gov.lk/wp-content/uploads/2022/11/POST-CODE-BOOK-.pdf"
"Hiripitiya","10232","Sub Post Office","Colombo",,,"https://slpost.gov.lk/wp-content/uploads/2022/11/POST-CODE-BOOK-.pdf"
"Hiriwadunna","71014","Sub Post Office","Kegalle",,,"https://slpost.gov.lk/wp-content/uploads/2022/11/POST-CODE-BOOK-.pdf"
"Hiriyala Ambagaswewa","60591","Sub Post Office","Kurunegala",,,"https://slpost.gov.lk/wp-content/uploads/2022/11/POST-CODE-BOOK-.pdf"
"Hiriyala Lenawa","60546","Sub Post Office","Kurunegala",,,"https://slpost.gov.lk/wp-content/uploads/2022/11/POST-CODE-BOOK-.pdf"
"Hiruwalpola","60458","Sub Post Office","Kurunegala",,,"https://slpost.gov.lk/wp-content/uploads/2022/11/POST-CODE-BOOK-.pdf"
"Hiswella","11734","Sub Post Office","Gampaha",,,"https://slpost.gov.lk/wp-content/uploads/2022/11/POST-CODE-BOOK-.pdf"
"Hitigegama","22046","Sub Post Office","Nuwara Eliya",,,"https://slpost.gov.lk/wp-content/uploads/2022/11/POST-CODE-BOOK-.pdf"
"Hiyare","80056","Sub Post Office","Galle",,,"https://slpost.gov.lk/wp-content/uploads/2022/11/POST-CODE-BOOK-.pdf"
"Hokandara","10118","Sub Post Office","Colombo",,,"https://slpost.gov.lk/wp-content/uploads/2022/11/POST-CODE-BOOK-.pdf"
"Homagama","10200","Post Office","Colombo",,,"https://slpost.gov.lk/wp-content/uploads/2022/11/POST-CODE-BOOK-.pdf"
"Hondiyadeniya","20524","Sub Post Office","Kandy",,,"https://slpost.gov.lk/wp-content/uploads/2022/11/POST-CODE-BOOK-.pdf"
"Hopton","90524","Sub Post Office","Badulla",,,"https://slpost.gov.lk/wp-content/uploads/2022/11/POST-CODE-BOOK-.pdf"
"Horadorowwa","90163","Sub Post Office","Badulla",,,"https://slpost.gov.lk/wp-content/uploads/2022/11/POST-CODE-BOOK-.pdf"
"Horagala","10502","Sub Post Office","Colombo",,,"https://slpost.gov.lk/wp-content/uploads/2022/11/POST-CODE-BOOK-.pdf"
"Horampella","11564","Post Office","Gampaha",,,"https://slpost.gov.lk/wp-content/uploads/2022/11/POST-CODE-BOOK-.pdf"
"Horana","12400","Post Office","Kalutara",,,"https://slpost.gov.lk/wp-content/uploads/2022/11/POST-CODE-BOOK-.pdf"
"Horapawita","81108","Sub Post Office","Matara",,,"https://slpost.gov.lk/wp-content/uploads/2022/11/POST-CODE-BOOK-.pdf"
"Horawpatana","50350","Post Office","Anuradhapura",,,"https://slpost.gov.lk/wp-content/uploads/2022/11/POST-CODE-BOOK-.pdf"
"Horewelagoda","82456","Sub Post Office","Hambantota",,,"https://slpost.gov.lk/wp-content/uploads/2022/11/POST-CODE-BOOK-.pdf"
"Horiwila","50222","Sub Post Office","Anuradhapura",,,"https://slpost.gov.lk/wp-content/uploads/2022/11/POST-CODE-BOOK-.pdf"
"Horombawa","60181","Sub Post Office","Kurunegala",,,"https://slpost.gov.lk/wp-content/uploads/2022/11/POST-CODE-BOOK-.pdf"
"Hulandawa","91004","Sub Post Office","Moneragala",,,"https://slpost.gov.lk/wp-content/uploads/2022/11/POST-CODE-BOOK-.pdf"
"Hulannuge","32514","Sub Post Office",,,,"https://slpost.gov.lk/wp-content/uploads/2022/11/POST-CODE-BOOK-.pdf"
"Hulogedara","60474","Sub Post Office","Kurunegala",,,"https://slpost.gov.lk/wp-content/uploads/2022/11/POST-CODE-BOOK-.pdf"
"Hulugalla","60477","Sub Post Office","Kurunegala",,,"https://slpost.gov.lk/wp-content/uploads/2022/11/POST-CODE-BOOK-.pdf"
"Hungama","82120","Post Office","Hambantota",,,"https://slpost.gov.lk/wp-content/uploads/2022/11/POST-CODE-BOOK-.pdf"
"Hunnasgiriya","20948","Sub Post Office","Kandy",,,"https://slpost.gov.lk/wp-content/uploads/2022/11/POST-CODE-BOOK-.pdf"
"Hunumulla","11262","Sub Post Office","Gampaha",,,"https://slpost.gov.lk/wp-content/uploads/2022/11/POST-CODE-BOOK-.pdf"
"Hunupitiya","11311","Sub Post Office","Gampaha",,,"https://slpost.gov.lk/wp-content/uploads/2022/11/POST-CODE-BOOK-.pdf"
"Hunupola","60582","Sub Post Office","Kurunegala",,,"https://slpost.gov.lk/wp-content/uploads/2022/11/POST-CODE-BOOK-.pdf"
"Hurigaswewa","50176","Sub Post Office","Anuradhapura",,,"https://slpost.gov.lk/wp-content/uploads/2022/11/POST-CODE-BOOK-.pdf"
"Hurulunikawewa","50394","Sub Post Office","Anuradhapura",,,"https://slpost.gov.lk/wp-content/uploads/2022/11/POST-CODE-BOOK-.pdf"
"Ibbagamuwa","60500","Post Office","Kurunegala",,,"https://slpost.gov.lk/wp-content/uploads/2022/11/POST-CODE-BOOK-.pdf"
"Ichchilampattai","31236","Sub Post Office","Trincomalee",,,"https://slpost.gov.lk/wp-content/uploads/2022/11/POST-CODE-BOOK-.pdf"
"Idalgashinna","90167","Sub Post Office","Badulla",,,"https://slpost.gov.lk/wp-content/uploads/2022/11/POST-CODE-BOOK-.pdf"
"Ihala Beligalla","82412","Sub Post Office","Hambantota",,,"https://slpost.gov.lk/wp-content/uploads/2022/11/POST-CODE-BOOK-.pdf"
"Ihala Gomugomuwa","60211","Sub Post Office","Kurunegala",,,"https://slpost.gov.lk/wp-content/uploads/2022/11/POST-CODE-BOOK-.pdf"
"Ihala hakamuwa","70039","Sub Post Office","Ratnapura",,,"https://slpost.gov.lk/wp-content/uploads/2022/11/POST-CODE-BOOK-.pdf"
"Ihala Halmillewa","50262","Sub Post Office","Anuradhapura",,,"https://slpost.gov.lk/wp-content/uploads/2022/11/POST-CODE-BOOK-.pdf"
"Ihala Hewessa","80432","Sub Post Office","Galle",,,"https://slpost.gov.lk/wp-content/uploads/2022/11/POST-CODE-BOOK-.pdf"
"Ihala Kadigamuwa","60238","Sub Post Office","Kurunegala",,,"https://slpost.gov.lk/wp-content/uploads/2022/11/POST-CODE-BOOK-.pdf"
"Ihala Katugampala","60135","Sub Post Office","Kurunegala",,,"https://slpost.gov.lk/wp-content/uploads/2022/11/POST-CODE-BOOK-.pdf"
"Ihala Kobbekaduwa","20042","Sub Post Office","Kandy",,,"https://slpost.gov.lk/wp-content/uploads/2022/11/POST-CODE-BOOK-.pdf"
"Ihala Kottaramulla","61154","Sub Post Office","Puttalam",,,"https://slpost.gov.lk/wp-content/uploads/2022/11/POST-CODE-BOOK-.pdf"
"Ihala Madampella","11265","Sub Post Office","Gampaha",,,"https://slpost.gov.lk/wp-content/uploads/2022/11/POST-CODE-BOOK-.pdf"
"Ihala Puliyankulama","61316","Sub Post Office","Puttalam",,,"https://slpost.gov.lk/wp-content/uploads/2022/11/POST-CODE-BOOK-.pdf"
"Ihala Uggalboda","11034","Sub Post Office","Gampaha",,,"https://slpost.gov.lk/wp-content/uploads/2022/11/POST-CODE-BOOK-.pdf"
"Ihala Walpola","80134","Sub Post Office","Galle",,,"https://slpost.gov.lk/wp-content/uploads/2022/11/POST-CODE-BOOK-.pdf"
"Ihalagalagama","70144","Sub Post Office","Ratnapura",,,"https://slpost.gov.lk/wp-content/uploads/2022/11/POST-CODE-BOOK-.pdf"
"Ihalagama","50304","Sub Post Office","Anuradhapura",,,"https://slpost.gov.lk/wp-content/uploads/2022/11/POST-CODE-BOOK-.pdf"
"Ilavalai","40108","Sub Post Office","Jaffna",,,"https://slpost.gov.lk/wp-content/uploads/2022/11/POST-CODE-BOOK-.pdf"
"Ilippadeniya","61018","Sub Post Office","Puttalam",,,"https://slpost.gov.lk/wp-content/uploads/2022/11/POST-CODE-BOOK-.pdf"
"Illagolla","20724","Sub Post Office","Kandy",,,"https://slpost.gov.lk/wp-content/uploads/2022/11/POST-CODE-BOOK-.pdf"
"Illukkumbura","21406","Sub Post Office","Matale",,,"https://slpost.gov.lk/wp-content/uploads/2022/11/POST-CODE-BOOK-.pdf"
"Ilukhena","60232","Sub Post Office","Kurunegala",,,"https://slpost.gov.lk/wp-content/uploads/2022/11/POST-CODE-BOOK-.pdf"
"Iluppaikadavai","41175","Sub Post Office","Mannar",,,"https://slpost.gov.lk/wp-content/uploads/2022/11/POST-CODE-BOOK-.pdf"
"Imaduwa","80130","Post Office","Galle",,,"https://slpost.gov.lk/wp-content/uploads/2022/11/POST-CODE-BOOK-.pdf"
"Imbulana","71313","Sub Post Office","Kegalle",,,"https://slpost.gov.lk/wp-content/uploads/2022/11/POST-CODE-BOOK-.pdf"
"Imbulgasdeniya","71055","Sub Post Office","Kegalle",,,"https://slpost.gov.lk/wp-content/uploads/2022/11/POST-CODE-BOOK-.pdf"
"Imbulgoda","11856","Sub Post Office","Gampaha",,,"https://slpost.gov.lk/wp-content/uploads/2022/11/POST-CODE-BOOK-.pdf"
"Imbulgolla","21064","Sub Post Office","Matale",,,"https://slpost.gov.lk/wp-content/uploads/2022/11/POST-CODE-BOOK-.pdf"
"Imbulpe","70134","Sub Post Office","Ratnapura",,,"https://slpost.gov.lk/wp-content/uploads/2022/11/POST-CODE-BOOK-.pdf"
"Inamaluwa","21124","Sub Post Office","Matale",,,"https://slpost.gov.lk/wp-content/uploads/2022/11/POST-CODE-BOOK-.pdf"
"Indulgodakanda","60016","Sub Post Office","Kurunegala",,,"https://slpost.gov.lk/wp-content/uploads/2022/11/POST-CODE-BOOK-.pdf"
"Induruwa","80510","Post Office","Galle",,,"https://slpost.gov.lk/wp-content/uploads/2022/11/POST-CODE-BOOK-.pdf"
"Inginimitiya","61514","Sub Post Office","Puttalam",,,"https://slpost.gov.lk/wp-content/uploads/2022/11/POST-CODE-BOOK-.pdf"
"Inginiyagala","32040","Post Office","Ampara",,,"https://slpost.gov.lk/wp-content/uploads/2022/11/POST-CODE-BOOK-.pdf"
"Ingiriya","12440","Post Office","Kalutara",,,"https://slpost.gov.lk/wp-content/uploads/2022/11/POST-CODE-BOOK-.pdf"
"Inguruwatta","60064","Sub Post Office","Kurunegala",,,"https://slpost.gov.lk/wp-content/uploads/2022/11/POST-CODE-BOOK-.pdf"
"Inuvil","40095","Sub Post Office","Jaffna",,,"https://slpost.gov.lk/wp-content/uploads/2022/11/POST-CODE-BOOK-.pdf"
"Ipologama","50280","Post Office","Anuradhapura",,,"https://slpost.gov.lk/wp-content/uploads/2022/11/POST-CODE-BOOK-.pdf"
"Irakkamam","32450","Post Office","Ampara",,,"https://slpost.gov.lk/wp-content/uploads/2022/11/POST-CODE-BOOK-.pdf"
"Iranaiiluppaikulam","43095","Sub Post Office","Vavuniya",,,"https://slpost.gov.lk/wp-content/uploads/2022/11/POST-CODE-BOOK-.pdf"
"Iranaitivu","42630","Sub Post Office","Kilinochchi",,,"https://slpost.gov.lk/wp-content/uploads/2022/11/POST-CODE-BOOK-.pdf"
"Iriyagolla","60045","Sub Post Office","Kurunegala",,,"https://slpost.gov.lk/wp-content/uploads/2022/11/POST-CODE-BOOK-.pdf"
"Ismailpuram","61302","Sub Post Office","Puttalam",,,"https://slpost.gov.lk/wp-content/uploads/2022/11/POST-CODE-BOOK-.pdf"
"Ithanawatta","60025","Sub Post Office","Kurunegala",,,"https://slpost.gov.lk/wp-content/uploads/2022/11/POST-CODE-BOOK-.pdf"
"Ittademaliya","82462","Sub Post Office","Hambantota",,,"https://slpost.gov.lk/wp-content/uploads/2022/11/POST-CODE-BOOK-.pdf"
"Ittekanda","70342","Sub Post Office","Ratnapura",,,"https://slpost.gov.lk/wp-content/uploads/2022/11/POST-CODE-BOOK-.pdf"
"Ittepana","12116","Post Office","Kalutara",,,"https://slpost.gov.lk/wp-content/uploads/2022/11/POST-CODE-BOOK-.pdf"
"Iyakachchi","42556","Sub Post Office","Kilinochchi",,,"https://slpost.gov.lk/wp-content/uploads/2022/11/POST-CODE-BOOK-.pdf"
"Ja-Ela","11350","Post Office","Gampaha",,,"https://slpost.gov.lk/wp-content/uploads/2022/11/POST-CODE-BOOK-.pdf"
"Jaffna","40000","Post Office","Jaffna",,,"https://slpost.gov.lk/wp-content/uploads/2022/11/POST-CODE-BOOK-.pdf"
"Jambugahapitiya","20822","Sub Post Office","Kandy",,,"https://slpost.gov.lk/wp-content/uploads/2022/11/POST-CODE-BOOK-.pdf"
"Jangulla","90063","Sub Post Office","Badulla",,,"https://slpost.gov.lk/wp-content/uploads/2022/11/POST-CODE-BOOK-.pdf"
"Jayanthipura","51024","Post Office","Polonnaruwa",,,"https://slpost.gov.lk/wp-content/uploads/2022/11/POST-CODE-BOOK-.pdf"
"Jayasiripura","51246","Sub Post Office","Polonnaruwa",,,"https://slpost.gov.lk/wp-content/uploads/2022/11/POST-CODE-BOOK-.pdf"
"Julampitiya","82252","Sub Post Office","Hambantota",,,"https://slpost.gov.lk/wp-content/uploads/2022/11/POST-CODE-BOOK-.pdf"
"Kabagamuwa","71202","Sub Post Office","Kegalle",,,"https://slpost.gov.lk/wp-content/uploads/2022/11/POST-CODE-BOOK-.pdf"
"Kadawatha","11850","Post Office","Gampaha",,,"https://slpost.gov.lk/wp-content/uploads/2022/11/POST-CODE-BOOK-.pdf"
"Kaddaiparichchan","31212","Sub Post Office","Trincomalee",,,"https://slpost.gov.lk/wp-content/uploads/2022/11/POST-CODE-BOOK-.pdf"
"Kadigawa","60492","Sub Post Office","Kurunegala",,,"https://slpost.gov.lk/wp-content/uploads/2022/11/POST-CODE-BOOK-.pdf"
"Kadugannawa","20300","Post Office","Kandy",,,"https://slpost.gov.lk/wp-content/uploads/2022/11/POST-CODE-BOOK-.pdf"
"Kaduwela","10640","Post Office","Colombo",,,"https://slpost.gov.lk/wp-content/uploads/2022/11/POST-CODE-BOOK-.pdf"
"Kagama","50282","Sub Post Office","Anuradhapura",,,"https://slpost.gov.lk/wp-content/uploads/2022/11/POST-CODE-BOOK-.pdf"
"Kahaduwa","80460","Post Office","Galle",,,"https://slpost.gov.lk/wp-content/uploads/2022/11/POST-CODE-BOOK-.pdf"
"Kahandamodara","82126","Sub Post Office","Hambantota",,,"https://slpost.gov.lk/wp-content/uploads/2022/11/POST-CODE-BOOK-.pdf"
"Kahangama","70016","Sub Post Office","Ratnapura",,,"https://slpost.gov.lk/wp-content/uploads/2022/11/POST-CODE-BOOK-.pdf"
"Kahapathwala","60062","Sub Post Office","Kurunegala",,,"https://slpost.gov.lk/wp-content/uploads/2022/11/POST-CODE-BOOK-.pdf"
"Kahatagasdigiliya","50320","Post Office","Anuradhapura",,,"https://slpost.gov.lk/wp-content/uploads/2022/11/POST-CODE-BOOK-.pdf"
"Kahatagollewa","50562","Sub Post Office","Anuradhapura",,,"https://slpost.gov.lk/wp-content/uploads/2022/11/POST-CODE-BOOK-.pdf"
"Kahataliyadda","20924","Sub Post Office","Kandy",,,"https://slpost.gov.lk/wp-content/uploads/2022/11/POST-CODE-BOOK-.pdf"
"Kahataruppa","90052","Sub Post Office","Badulla",,,"https://slpost.gov.lk/wp-content/uploads/2022/11/POST-CODE-BOOK-.pdf"
"Kahatowita","11144","Sub Post Office","Gampaha",,,"https://slpost.gov.lk/wp-content/uploads/2022/11/POST-CODE-BOOK-.pdf"
"Kahawa","80312","Sub Post Office","Galle",,,"https://slpost.gov.lk/wp-content/uploads/2022/11/POST-CODE-BOOK-.pdf"
"Kahawala","10508","Sub Post Office","Colombo",,,"https://slpost.gov.lk/wp-content/uploads/2022/11/POST-CODE-BOOK-.pdf"
"Kahawatta","70150","Post Office","Ratnapura",,,"https://slpost.gov.lk/wp-content/uploads/2022/11/POST-CODE-BOOK-.pdf"
"Kaikawala","21066","Post Office","Matale",,,"https://slpost.gov.lk/wp-content/uploads/2022/11/POST-CODE-BOOK-.pdf"
"Kaitadi","40400","Post Office","Jaffna",,,"https://slpost.gov.lk/wp-content/uploads/2022/11/POST-CODE-BOOK-.pdf"
"Kakkapalliya","61236","Sub Post Office","Puttalam",,,"https://slpost.gov.lk/wp-content/uploads/2022/11/POST-CODE-BOOK-.pdf"
"Kaladiya","61534","Sub Post Office","Puttalam",,,"https://slpost.gov.lk/wp-content/uploads/2022/11/POST-CODE-BOOK-.pdf"
"Kalaganwatta","22282","Sub Post Office","Nuwara Eliya",,,"https://slpost.gov.lk/wp-content/uploads/2022/11/POST-CODE-BOOK-.pdf"
"Kalagedihena","11875","Sub Post Office","Gampaha",,,"https://slpost.gov.lk/wp-content/uploads/2022/11/POST-CODE-BOOK-.pdf"
"Kalakarambewa","50288","Sub Post Office","Anuradhapura",,,"https://slpost.gov.lk/wp-content/uploads/2022/11/POST-CODE-BOOK-.pdf"
"Kalankuttiya","50174","Sub Post Office","Anuradhapura",,,"https://slpost.gov.lk/wp-content/uploads/2022/11/POST-CODE-BOOK-.pdf"
"Kalaoya","50226","Sub Post Office","Anuradhapura",,,"https://slpost.gov.lk/wp-content/uploads/2022/11/POST-CODE-BOOK-.pdf"
"Kalatuwawa","10718","Sub Post Office","Colombo",,,"https://slpost.gov.lk/wp-content/uploads/2022/11/POST-CODE-BOOK-.pdf"
"Kalawana","70450","Post Office","Ratnapura",,,"https://slpost.gov.lk/wp-content/uploads/2022/11/POST-CODE-BOOK-.pdf"
"Kalawedi Ulpotha","50556","Sub Post Office","Anuradhapura",,,"https://slpost.gov.lk/wp-content/uploads/2022/11/POST-CODE-BOOK-.pdf"
"Kalaweldeniya","22688","Sub Post Office","Nuwara Eliya",,,"https://slpost.gov.lk/wp-content/uploads/2022/11/POST-CODE-BOOK-.pdf"
"Kalawila Kiranthidiya","12078","Sub Post Office","Kalutara",,,"https://slpost.gov.lk/wp-content/uploads/2022/11/POST-CODE-BOOK-.pdf"
"Kaleliya","11160","Post Office","Gampaha",,,"https://slpost.gov.lk/wp-content/uploads/2022/11/POST-CODE-BOOK-.pdf"
"Kalingaela","51002","Sub Post Office","Polonnaruwa",,,"https://slpost.gov.lk/wp-content/uploads/2022/11/POST-CODE-BOOK-.pdf"
"Kalkudah","30410","Post Office","Batticaloa",,,"https://slpost.gov.lk/wp-content/uploads/2022/11/POST-CODE-BOOK-.pdf"
"Kallanchiya","50454","Sub Post Office","Anuradhapura",,,"https://slpost.gov.lk/wp-content/uploads/2022/11/POST-CODE-BOOK-.pdf"
"Kallar","30250","Post Office","Batticaloa",,,"https://slpost.gov.lk/wp-content/uploads/2022/11/POST-CODE-BOOK-.pdf"
"Kalmunai","32300","Post Office",,,,"https://slpost.gov.lk/wp-content/uploads/2022/11/POST-CODE-BOOK-.pdf"
"Kalpitiya","61360","Post Office","Puttalam",,,"https://slpost.gov.lk/wp-content/uploads/2022/11/POST-CODE-BOOK-.pdf"
"Kaltota","70122","Sub Post Office","Ratnapura",,,"https://slpost.gov.lk/wp-content/uploads/2022/11/POST-CODE-BOOK-.pdf"
"Kaluaggala","11224","Sub Post Office","Gampaha",,,"https://slpost.gov.lk/wp-content/uploads/2022/11/POST-CODE-BOOK-.pdf"
"Kalubowitiyana","81478","Sub Post Office","Matara",,,"https://slpost.gov.lk/wp-content/uploads/2022/11/POST-CODE-BOOK-.pdf"
"Kalubululanda","90352","Sub Post Office","Badulla",,,"https://slpost.gov.lk/wp-content/uploads/2022/11/POST-CODE-BOOK-.pdf"
"Kalugahakandura","90546","Sub Post Office","Badulla",,,"https://slpost.gov.lk/wp-content/uploads/2022/11/POST-CODE-BOOK-.pdf"
"Kalugala","20926","Sub Post Office","Kandy",,,"https://slpost.gov.lk/wp-content/uploads/2022/11/POST-CODE-BOOK-.pdf"
"Kalugamuwa","60096","Sub Post Office","Kurunegala",,,"https://slpost.gov.lk/wp-content/uploads/2022/11/POST-CODE-BOOK-.pdf"
"Kalukele Bandanagala","51037","Sub Post Office","Polonnaruwa",,,"https://slpost.gov.lk/wp-content/uploads/2022/11/POST-CODE-BOOK-.pdf"
"Kalundewa","21112","Sub Post Office","Matale",,,"https://slpost.gov.lk/wp-content/uploads/2022/11/POST-CODE-BOOK-.pdf"
"Kalupahana","90186","Sub Post Office","Badulla",,,"https://slpost.gov.lk/wp-content/uploads/2022/11/POST-CODE-BOOK-.pdf"
"Kalutara","12000","Post Office","Kalutara",,,"https://slpost.gov.lk/wp-content/uploads/2022/11/POST-CODE-BOOK-.pdf"
"Kaluthavalai","30197","Post Office","Batticaloa",,,"https://slpost.gov.lk/wp-content/uploads/2022/11/POST-CODE-BOOK-.pdf"
"Kaluwanchikudi","30200","Post Office","Batticaloa",,,"https://slpost.gov.lk/wp-content/uploads/2022/11/POST-CODE-BOOK-.pdf"
"Kaluwankerny","30372","Sub Post Office","Batticaloa",,,"https://slpost.gov.lk/wp-content/uploads/2022/11/POST-CODE-BOOK-.pdf"
"Kamburugamuwa","81750","Post Office","Matara",,,"https://slpost.gov.lk/wp-content/uploads/2022/11/POST-CODE-BOOK-.pdf"
"Kamburupitiya","81100","Post Office","Matara",,,"https://slpost.gov.lk/wp-content/uploads/2022/11/POST-CODE-BOOK-.pdf"
"Kanadeniyawala","60054","Sub Post Office","Kurunegala",,,"https://slpost.gov.lk/wp-content/uploads/2022/11/POST-CODE-BOOK-.pdf"
"Kanagarayankulam","43072","Sub Post Office","Vavuniya",,,"https://slpost.gov.lk/wp-content/uploads/2022/11/POST-CODE-BOOK-.pdf"
"Kanamule","61273","Sub Post Office","Puttalam",,,"https://slpost.gov.lk/wp-content/uploads/2022/11/POST-CODE-BOOK-.pdf"
"Kananke Bazaar","80136","Sub Post Office","Galle",,,"https://slpost.gov.lk/wp-content/uploads/2022/11/POST-CODE-BOOK-.pdf"
"Kananwila","12418","Sub Post Office","Kalutara",,,"https://slpost.gov.lk/wp-content/uploads/2022/11/POST-CODE-BOOK-.pdf"
"Kanattewewa","60422","Sub Post Office","Kurunegala",,,"https://slpost.gov.lk/wp-content/uploads/2022/11/POST-CODE-BOOK-.pdf"
"Kandaketiya","90020","Post Office","Badulla",,,"https://slpost.gov.lk/wp-content/uploads/2022/11/POST-CODE-BOOK-.pdf"
"Kandakuliya","61358","Sub Post Office","Puttalam",,,"https://slpost.gov.lk/wp-content/uploads/2022/11/POST-CODE-BOOK-.pdf"
"Kandalama","21106","Sub Post Office","Matale",,,"https://slpost.gov.lk/wp-content/uploads/2022/11/POST-CODE-BOOK-.pdf"
"Kandana","11320","Post Office","Gampaha",,,"https://slpost.gov.lk/wp-content/uploads/2022/11/POST-CODE-BOOK-.pdf"
"Kandanagama","12428","Sub Post Office","Kalutara",,,"https://slpost.gov.lk/wp-content/uploads/2022/11/POST-CODE-BOOK-.pdf"
"Kandapola","22220","Post Office","Nuwara Eliya",,,"https://slpost.gov.lk/wp-content/uploads/2022/11/POST-CODE-BOOK-.pdf"
"Kandasurindugama","91403","Sub Post Office","Moneragala",,,"https://slpost.gov.lk/wp-content/uploads/2022/11/POST-CODE-BOOK-.pdf"
"Kandaudapanguwa","91032","Sub Post Office","Moneragala",,,"https://slpost.gov.lk/wp-content/uploads/2022/11/POST-CODE-BOOK-.pdf"
"Kandavalai","42508","Sub Post Office","Kilinochchi",,,"https://slpost.gov.lk/wp-content/uploads/2022/11/POST-CODE-BOOK-.pdf"
"Kandegedara","90070","Post Office","Badulla",,,"https://slpost.gov.lk/wp-content/uploads/2022/11/POST-CODE-BOOK-.pdf"
"Kandepuhulpola","90356","Sub Post Office","Badulla",,,"https://slpost.gov.lk/wp-content/uploads/2022/11/POST-CODE-BOOK-.pdf"
"Kandy","20000","Post Office","Kandy",,,"https://slpost.gov.lk/wp-content/uploads/2022/11/POST-CODE-BOOK-.pdf"
"Kankasanthurai","40190","Post Office","Jaffna",,,"https://slpost.gov.lk/wp-content/uploads/2022/11/POST-CODE-BOOK-.pdf"
"Kannagipuram","32405","Sub Post Office",,,,"https://slpost.gov.lk/wp-content/uploads/2022/11/POST-CODE-BOOK-.pdf"
"Kannankudah","30016","Sub Post Office","Batticaloa",,,"https://slpost.gov.lk/wp-content/uploads/2022/11/POST-CODE-BOOK-.pdf"
"Kannattota","71372","Sub Post Office","Kegalle",,,"https://slpost.gov.lk/wp-content/uploads/2022/11/POST-CODE-BOOK-.pdf"
"Kanniya","31032","Sub Post Office","Trincomalee",,,"https://slpost.gov.lk/wp-content/uploads/2022/11/POST-CODE-BOOK-.pdf"
"Kantale","31300","Post Office","Trincomalee",,,"https://slpost.gov.lk/wp-content/uploads/2022/11/POST-CODE-BOOK-.pdf"
"Kantale Sugar Factory","31306","Sub Post Office","Trincomalee",,,"https://slpost.gov.lk/wp-content/uploads/2022/11/POST-CODE-BOOK-.pdf"
"Kapalthurai","31055","Sub Post Office","Trincomalee",,,"https://slpost.gov.lk/wp-content/uploads/2022/11/POST-CODE-BOOK-.pdf"
"Kapugoda","10662","Sub Post Office","Gampaha",,,"https://slpost.gov.lk/wp-content/uploads/2022/11/POST-CODE-BOOK-.pdf"
"Kapugollewa","50370","Post Office","Anuradhapura",,,"https://slpost.gov.lk/wp-content/uploads/2022/11/POST-CODE-BOOK-.pdf"
"Kapuliyadda","20206","Sub Post Office","Kandy",,,"https://slpost.gov.lk/wp-content/uploads/2022/11/POST-CODE-BOOK-.pdf"
"Karadiyanaru","30354","Sub Post Office","Batticaloa",,,"https://slpost.gov.lk/wp-content/uploads/2022/11/POST-CODE-BOOK-.pdf"
"Karagahagedara","60106","Sub Post Office","Kurunegala",,,"https://slpost.gov.lk/wp-content/uploads/2022/11/POST-CODE-BOOK-.pdf"
"Karagahahinna","21014","Sub Post Office","Matale",,,"https://slpost.gov.lk/wp-content/uploads/2022/11/POST-CODE-BOOK-.pdf"
"Karagahawewa","50232","Sub Post Office","Anuradhapura",,,"https://slpost.gov.lk/wp-content/uploads/2022/11/POST-CODE-BOOK-.pdf"
"Karagoda","80151","Sub Post Office","Galle",,,"https://slpost.gov.lk/wp-content/uploads/2022/11/POST-CODE-BOOK-.pdf"
"Karagoda Uyangoda","81082","Sub Post Office","Matara",,,"https://slpost.gov.lk/wp-content/uploads/2022/11/POST-CODE-BOOK-.pdf"
"Karainagar","40250","Post Office","Jaffna",,,"https://slpost.gov.lk/wp-content/uploads/2022/11/POST-CODE-BOOK-.pdf"
"Karambe","60602","Sub Post Office","Kurunegala",,,"https://slpost.gov.lk/wp-content/uploads/2022/11/POST-CODE-BOOK-.pdf"
"Karandagama","91077","Sub Post Office","Moneragala",,,"https://slpost.gov.lk/wp-content/uploads/2022/11/POST-CODE-BOOK-.pdf"
"Karandagolla","20738","Sub Post Office","Kandy",,,"https://slpost.gov.lk/wp-content/uploads/2022/11/POST-CODE-BOOK-.pdf"
"Karandana","70488","Sub Post Office","Ratnapura",,,"https://slpost.gov.lk/wp-content/uploads/2022/11/POST-CODE-BOOK-.pdf"
"Karandeniya","80360","Post Office","Galle",,,"https://slpost.gov.lk/wp-content/uploads/2022/11/POST-CODE-BOOK-.pdf"
"Karangoda","70018","Sub Post Office","Ratnapura",,,"https://slpost.gov.lk/wp-content/uploads/2022/11/POST-CODE-BOOK-.pdf"
"Karaputugala","81106","Sub Post Office","Matara",,,"https://slpost.gov.lk/wp-content/uploads/2022/11/POST-CODE-BOOK-.pdf"
"Karativu","32250","Post Office",,,,"https://slpost.gov.lk/wp-content/uploads/2022/11/POST-CODE-BOOK-.pdf"
"Karatota","81308","Sub Post Office","Matara",,,"https://slpost.gov.lk/wp-content/uploads/2022/11/POST-CODE-BOOK-.pdf"
"Karaveddi","40520","Post Office","Jaffna",,,"https://slpost.gov.lk/wp-content/uploads/2022/11/POST-CODE-BOOK-.pdf"
"Karawila Pallegama","91079","Sub Post Office","Moneragala",,,"https://slpost.gov.lk/wp-content/uploads/2022/11/POST-CODE-BOOK-.pdf"
"Karawitagara","61022","Sub Post Office","Puttalam",,,"https://slpost.gov.lk/wp-content/uploads/2022/11/POST-CODE-BOOK-.pdf"
"Karipaddamurippu","42303","Sub Post Office","Mullaitivu",,,"https://slpost.gov.lk/wp-content/uploads/2022/11/POST-CODE-BOOK-.pdf"
"Kariyamaditta","82274","Sub Post Office","Hambantota",,,"https://slpost.gov.lk/wp-content/uploads/2022/11/POST-CODE-BOOK-.pdf"
"Karuwalagaswewa","61314","Post Office","Puttalam",,,"https://slpost.gov.lk/wp-content/uploads/2022/11/POST-CODE-BOOK-.pdf"
"Kashyapapura","51032","Sub Post Office","Polonnaruwa",,,"https://slpost.gov.lk/wp-content/uploads/2022/11/POST-CODE-BOOK-.pdf"
"Katana","11534","Post Office","Gampaha",,,"https://slpost.gov.lk/wp-content/uploads/2022/11/POST-CODE-BOOK-.pdf"
"Kataragama","91400","Post Office","Moneragala",,,"https://slpost.gov.lk/wp-content/uploads/2022/11/POST-CODE-BOOK-.pdf"
"Kathiraveli","30456","Sub Post Office","Batticaloa",,,"https://slpost.gov.lk/wp-content/uploads/2022/11/POST-CODE-BOOK-.pdf"
"Katiyawa","50261","Sub Post Office","Anuradhapura",,,"https://slpost.gov.lk/wp-content/uploads/2022/11/POST-CODE-BOOK-.pdf"
"Kattankudi","30100","Post Office","Batticaloa",,,"https://slpost.gov.lk/wp-content/uploads/2022/11/POST-CODE-BOOK-.pdf"
"Katudeniya","21016","Sub Post Office","Matale",,,"https://slpost.gov.lk/wp-content/uploads/2022/11/POST-CODE-BOOK-.pdf"
"Katugastota","20800","Post Office","Kandy",,,"https://slpost.gov.lk/wp-content/uploads/2022/11/POST-CODE-BOOK-.pdf"
"Katukitula","22588","Sub Post Office","Nuwara Eliya",,,"https://slpost.gov.lk/wp-content/uploads/2022/11/POST-CODE-BOOK-.pdf"
"Katunayake","11450","Post Office","Gampaha",,,"https://slpost.gov.lk/wp-content/uploads/2022/11/POST-CODE-BOOK-.pdf"
"Katunayake IPZ","11420","Post Office","Gampaha",,,"https://slpost.gov.lk/wp-content/uploads/2022/11/POST-CODE-BOOK-.pdf"
"Katunayake Air Force Camp","11440","Post Office","Gampaha",,,"https://slpost.gov.lk/wp-content/uploads/2022/11/POST-CODE-BOOK-.pdf"
"Katuneriya","61180","Post Office","Puttalam",,,"https://slpost.gov.lk/wp-content/uploads/2022/11/POST-CODE-BOOK-.pdf"
"Katupota","60350","Post Office","Kurunegala",,,"https://slpost.gov.lk/wp-content/uploads/2022/11/POST-CODE-BOOK-.pdf"
"Katuwana","82500","Post Office","Hambantota",,,"https://slpost.gov.lk/wp-content/uploads/2022/11/POST-CODE-BOOK-.pdf"
"Katuwellegama","11526","Sub Post Office","Gampaha",,,"https://slpost.gov.lk/wp-content/uploads/2022/11/POST-CODE-BOOK-.pdf"
"Kautharimunai","42608","Sub Post Office","Kilinochchi",,,"https://slpost.gov.lk/wp-content/uploads/2022/11/POST-CODE-BOOK-.pdf"
"Kavudupelella","21072","Sub Post Office","Matale",,,"https://slpost.gov.lk/wp-content/uploads/2022/11/POST-CODE-BOOK-.pdf"
"Kawantissapura","82622","Sub Post Office","Hambantota",,,"https://slpost.gov.lk/wp-content/uploads/2022/11/POST-CODE-BOOK-.pdf"
"Kawudulla","51414","Sub Post Office","Polonnaruwa",,,"https://slpost.gov.lk/wp-content/uploads/2022/11/POST-CODE-BOOK-.pdf"
"Kawuduluwewa Stage II","51514","Sub Post Office","Polonnaruwa",,,"https://slpost.gov.lk/wp-content/uploads/2022/11/POST-CODE-BOOK-.pdf"
"Kayts","40270","Post Office","Jaffna",,,"https://slpost.gov.lk/wp-content/uploads/2022/11/POST-CODE-BOOK-.pdf"
"Kebillawela","90102","Sub Post Office","Badulla",,,"https://slpost.gov.lk/wp-content/uploads/2022/11/POST-CODE-BOOK-.pdf"
"Kebithigollewa","50550","Post Office","Anuradhapura",,,"https://slpost.gov.lk/wp-content/uploads/2022/11/POST-CODE-BOOK-.pdf"
"Keerthi Bandarapura","22274","Sub Post Office","Nuwara Eliya",,,"https://slpost.gov.lk/wp-content/uploads/2022/11/POST-CODE-BOOK-.pdf"
"Kegalle","71000","Post Office","Kegalle",,,"https://slpost.gov.lk/wp-content/uploads/2022/11/POST-CODE-BOOK-.pdf"
"Kehelpannala","71533","Sub Post Office","Kegalle",,,"https://slpost.gov.lk/wp-content/uploads/2022/11/POST-CODE-BOOK-.pdf"
"Kehelwatta","12550","Post Office","Kalutara",,,"https://slpost.gov.lk/wp-content/uploads/2022/11/POST-CODE-BOOK-.pdf"
"Kekanadura","81020","Post Office","Matara",,,"https://slpost.gov.lk/wp-content/uploads/2022/11/POST-CODE-BOOK-.pdf"
"Kekirawa","50100","Post Office","Anuradhapura",,,"https://slpost.gov.lk/wp-content/uploads/2022/11/POST-CODE-BOOK-.pdf"
"Kekirihena","32074","Sub Post Office","Ampara",,,"https://slpost.gov.lk/wp-content/uploads/2022/11/POST-CODE-BOOK-.pdf"
"Kekuluwela","51168","Sub Post Office","Polonnaruwa",,,"https://slpost.gov.lk/wp-content/uploads/2022/11/POST-CODE-BOOK-.pdf"
"Kekunagolla","60183","Post Office","Kurunegala",,,"https://slpost.gov.lk/wp-content/uploads/2022/11/POST-CODE-BOOK-.pdf"
"Kelanigama","22684","Sub Post Office","Nuwara Eliya",,,"https://slpost.gov.lk/wp-content/uploads/2022/11/POST-CODE-BOOK-.pdf"
"Kelaniya","11600","Post Office","Gampaha",,,"https://slpost.gov.lk/wp-content/uploads/2022/11/POST-CODE-BOOK-.pdf"
"Kelinkanda","12218","Sub Post Office","Kalutara",,,"https://slpost.gov.lk/wp-content/uploads/2022/11/POST-CODE-BOOK-.pdf"
"Kella Junction","70352","Sub Post Office","Ratnapura",,,"https://slpost.gov.lk/wp-content/uploads/2022/11/POST-CODE-BOOK-.pdf"
"Kendagolla","90048","Sub Post Office","Badulla",,,"https://slpost.gov.lk/wp-content/uploads/2022/11/POST-CODE-BOOK-.pdf"
"Kendawinna","91552","Sub Post Office","Moneragala",,,"https://slpost.gov.lk/wp-content/uploads/2022/11/POST-CODE-BOOK-.pdf"
"Kendewa","50452","Sub Post Office","Anuradhapura",,,"https://slpost.gov.lk/wp-content/uploads/2022/11/POST-CODE-BOOK-.pdf"
"Keppetipola","90350","Post Office","Badulla",,,"https://slpost.gov.lk/wp-content/uploads/2022/11/POST-CODE-BOOK-.pdf"
"Keppitiwalana","60288","Sub Post Office","Kurunegala",,,"https://slpost.gov.lk/wp-content/uploads/2022/11/POST-CODE-BOOK-.pdf"
"Keselpotha","90738","Sub Post Office","Badulla",,,"https://slpost.gov.lk/wp-content/uploads/2022/11/POST-CODE-BOOK-.pdf"
"Ketaboola","22660","Post Office","Nuwara Eliya",,,"https://slpost.gov.lk/wp-content/uploads/2022/11/POST-CODE-BOOK-.pdf"
"Ketakumbura","20306","Sub Post Office","Kandy",,,"https://slpost.gov.lk/wp-content/uploads/2022/11/POST-CODE-BOOK-.pdf"
"Ketawala Leula","20198","Sub Post Office","Kandy",,,"https://slpost.gov.lk/wp-content/uploads/2022/11/POST-CODE-BOOK-.pdf"
"Ketawatta","90016","Sub Post Office","Badulla",,,"https://slpost.gov.lk/wp-content/uploads/2022/11/POST-CODE-BOOK-.pdf"
"Kilinochchi","42400","Post Office","Kilinochchi",,,"https://slpost.gov.lk/wp-content/uploads/2022/11/POST-CODE-BOOK-.pdf"
"Kiliveddy","31220","Sub Post Office","Trincomalee",,,"https://slpost.gov.lk/wp-content/uploads/2022/11/POST-CODE-BOOK-.pdf"
"Kimbissa","21122","Sub Post Office","Matale",,,"https://slpost.gov.lk/wp-content/uploads/2022/11/POST-CODE-BOOK-.pdf"
"Kimbulapitiya","11522","Sub Post Office","Gampaha",,,"https://slpost.gov.lk/wp-content/uploads/2022/11/POST-CODE-BOOK-.pdf"
"Kimbulwanaoya","60548","Sub Post Office","Kurunegala",,,"https://slpost.gov.lk/wp-content/uploads/2022/11/POST-CODE-BOOK-.pdf"
"Kinniya","31100","Post Office","Trincomalee",,,"https://slpost.gov.lk/wp-content/uploads/2022/11/POST-CODE-BOOK-.pdf"
"Kiralogama","50259","Sub Post Office","Anuradhapura",,,"https://slpost.gov.lk/wp-content/uploads/2022/11/POST-CODE-BOOK-.pdf"
"Kirama","82550","Post Office","Hambantota",,,"https://slpost.gov.lk/wp-content/uploads/2022/11/POST-CODE-BOOK-.pdf"
"Kiran","30394","Post Office","Batticaloa",,,"https://slpost.gov.lk/wp-content/uploads/2022/11/POST-CODE-BOOK-.pdf"
"Kirankulam","30159","Sub Post Office","Batticaloa",,,"https://slpost.gov.lk/wp-content/uploads/2022/11/POST-CODE-BOOK-.pdf"
"Kirawanagama","90184","Sub Post Office","Badulla",,,"https://slpost.gov.lk/wp-content/uploads/2022/11/POST-CODE-BOOK-.pdf"
"Kiribathgoda","11601","Post Office","Gampaha",,,"https://slpost.gov.lk/wp-content/uploads/2022/11/POST-CODE-BOOK-.pdf"
"Kiribathkumbura","20442","Sub Post Office","Kandy",,,"https://slpost.gov.lk/wp-content/uploads/2022/11/POST-CODE-BOOK-.pdf"
"Kiriella","70480","Post Office","Ratnapura",,,"https://slpost.gov.lk/wp-content/uploads/2022/11/POST-CODE-BOOK-.pdf"
"Kirigalwewa","50511","Sub Post Office","Anuradhapura",,,"https://slpost.gov.lk/wp-content/uploads/2022/11/POST-CODE-BOOK-.pdf"
"Kiriibbanwewa","91252","Sub Post Office","Moneragala",,,"https://slpost.gov.lk/wp-content/uploads/2022/11/POST-CODE-BOOK-.pdf"
"Kirimatitenna","70102","Sub Post Office","Ratnapura",,,"https://slpost.gov.lk/wp-content/uploads/2022/11/POST-CODE-BOOK-.pdf"
"Kirimetiyana","60157","Sub Post Office","Puttalam",,,"https://slpost.gov.lk/wp-content/uploads/2022/11/POST-CODE-BOOK-.pdf"
"Kirimetiyawa","60184","Sub Post Office","Kurunegala",,,"https://slpost.gov.lk/wp-content/uploads/2022/11/POST-CODE-BOOK-.pdf"
"Kirimundalama","61362","Sub Post Office","Puttalam",,,"https://slpost.gov.lk/wp-content/uploads/2022/11/POST-CODE-BOOK-.pdf"
"Kirinda","82614","Sub Post Office","Hambantota",,,"https://slpost.gov.lk/wp-content/uploads/2022/11/POST-CODE-BOOK-.pdf"
"Kirindawa","60212","Sub Post Office","Kurunegala",,,"https://slpost.gov.lk/wp-content/uploads/2022/11/POST-CODE-BOOK-.pdf"
"Kirindigalla","60502","Sub Post Office","Kurunegala",,,"https://slpost.gov.lk/wp-content/uploads/2022/11/POST-CODE-BOOK-.pdf"
"Kirindiwela","11730","Post Office","Gampaha",,,"https://slpost.gov.lk/wp-content/uploads/2022/11/POST-CODE-BOOK-.pdf"
"Kiriwattuduwa","10208","Sub Post Office","Colombo",,,"https://slpost.gov.lk/wp-content/uploads/2022/11/POST-CODE-BOOK-.pdf"
"Kiriweldola","81514","Sub Post Office","Matara",,,"https://slpost.gov.lk/wp-content/uploads/2022/11/POST-CODE-BOOK-.pdf"
"Kiriwelkele","81456","Sub Post Office","Matara",,,"https://slpost.gov.lk/wp-content/uploads/2022/11/POST-CODE-BOOK-.pdf"
"Kitalawalana","11206","Sub Post Office","Gampaha",,,"https://slpost.gov.lk/wp-content/uploads/2022/11/POST-CODE-BOOK-.pdf"
"Kithalawa","60188","Sub Post Office","Kurunegala",,,"https://slpost.gov.lk/wp-content/uploads/2022/11/POST-CODE-BOOK-.pdf"
"Kitulgala","71720","Post Office","Kegalle",,,"https://slpost.gov.lk/wp-content/uploads/2022/11/POST-CODE-BOOK-.pdf"
"Kitulgoda","12222","Sub Post Office","Kalutara",,,"https://slpost.gov.lk/wp-content/uploads/2022/11/POST-CODE-BOOK-.pdf"
"Kitulhitiyawa","50132","Sub Post Office","Anuradhapura",,,"https://slpost.gov.lk/wp-content/uploads/2022/11/POST-CODE-BOOK-.pdf"
"Kitulwala","11242","Sub Post Office","Gampaha",,,"https://slpost.gov.lk/wp-content/uploads/2022/11/POST-CODE-BOOK-.pdf"
"Kiwula","21042","Sub Post Office","Matale",,,"https://slpost.gov.lk/wp-content/uploads/2022/11/POST-CODE-BOOK-.pdf"
"Kobeigane","60410","Post Office","Kurunegala",,,"https://slpost.gov.lk/wp-content/uploads/2022/11/POST-CODE-BOOK-.pdf"
"Kobonilla","20928","Sub Post Office","Kandy",,,"https://slpost.gov.lk/wp-content/uploads/2022/11/POST-CODE-BOOK-.pdf"
"Kochchikade","11540","Post Office","Gampaha",,,"https://slpost.gov.lk/wp-content/uploads/2022/11/POST-CODE-BOOK-.pdf"
"Koddaikallar","30249","Post Office","Batticaloa",,,"https://slpost.gov.lk/wp-content/uploads/2022/11/POST-CODE-BOOK-.pdf"
"Kodikamam","40700","Post Office","Jaffna",,,"https://slpost.gov.lk/wp-content/uploads/2022/11/POST-CODE-BOOK-.pdf"
"Kohilegedara","60028","Sub Post Office","Kurunegala",,,"https://slpost.gov.lk/wp-content/uploads/2022/11/POST-CODE-BOOK-.pdf"
"Koholana","12007","Sub Post Office","Kalutara",,,"https://slpost.gov.lk/wp-content/uploads/2022/11/POST-CODE-BOOK-.pdf"
"Kohowilakandura","90006","Sub Post Office","Badulla",,,"https://slpost.gov.lk/wp-content/uploads/2022/11/POST-CODE-BOOK-.pdf"
"Kokkaddichcholai","30160","Post Office","Batticaloa",,,"https://slpost.gov.lk/wp-content/uploads/2022/11/POST-CODE-BOOK-.pdf"
"Kokkilai","42020","Sub Post Office","Mullaitivu",,,"https://slpost.gov.lk/wp-content/uploads/2022/11/POST-CODE-BOOK-.pdf"
"Kokkuthoduvai","42010","Sub Post Office","Mullaitivu",,,"https://slpost.gov.lk/wp-content/uploads/2022/11/POST-CODE-BOOK-.pdf"
"Kokkuvil","40060","Post Office","Jaffna",,,"https://slpost.gov.lk/wp-content/uploads/2022/11/POST-CODE-BOOK-.pdf"
"Koknahara","32035","Sub Post Office","Ampara",,,"https://slpost.gov.lk/wp-content/uploads/2022/11/POST-CODE-BOOK-.pdf"
"Kolabissa","20212","Sub Post Office","Kandy",,,"https://slpost.gov.lk/wp-content/uploads/2022/11/POST-CODE-BOOK-.pdf"
"Kolamanthalawa","32102","Sub Post Office","Ampara",,,"https://slpost.gov.lk/wp-content/uploads/2022/11/POST-CODE-BOOK-.pdf"
"Kolambageara","70180","Post Office","Ratnapura",,,"https://slpost.gov.lk/wp-content/uploads/2022/11/POST-CODE-BOOK-.pdf"
"Kolawenigama","81522","Sub Post Office","Matara",,,"https://slpost.gov.lk/wp-content/uploads/2022/11/POST-CODE-BOOK-.pdf"
"Kolombugama","70403","Sub Post Office","Ratnapura",,,"https://slpost.gov.lk/wp-content/uploads/2022/11/POST-CODE-BOOK-.pdf"
"Kolongoda","20971","Sub Post Office","Kandy",,,"https://slpost.gov.lk/wp-content/uploads/2022/11/POST-CODE-BOOK-.pdf"
"Kolonna","70350","Post Office","Ratnapura",,,"https://slpost.gov.lk/wp-content/uploads/2022/11/POST-CODE-BOOK-.pdf"
"Kolonnawa","10600","Post Office","Colombo",,,"https://slpost.gov.lk/wp-content/uploads/2022/11/POST-CODE-BOOK-.pdf"
"Komari","32418","Sub Post Office",,,,"https://slpost.gov.lk/wp-content/uploads/2022/11/POST-CODE-BOOK-.pdf"
"Konavil","42420","Sub Post Office","Kilinochchi",,,"https://slpost.gov.lk/wp-content/uploads/2022/11/POST-CODE-BOOK-.pdf"
"Kondavil","40062","Sub Post Office","Jaffna",,,"https://slpost.gov.lk/wp-content/uploads/2022/11/POST-CODE-BOOK-.pdf"
"Kondeniya","71501","Sub Post Office","Kegalle",,,"https://slpost.gov.lk/wp-content/uploads/2022/11/POST-CODE-BOOK-.pdf"
"Kongahawela","21500","Post Office","Matale",,,"https://slpost.gov.lk/wp-content/uploads/2022/11/POST-CODE-BOOK-.pdf"
"Konwewa","60630","Post Office","Kurunegala",,,"https://slpost.gov.lk/wp-content/uploads/2022/11/POST-CODE-BOOK-.pdf"
"Kopay","40170","Post Office","Jaffna",,,"https://slpost.gov.lk/wp-content/uploads/2022/11/POST-CODE-BOOK-.pdf"
"Koralkalapu","32417","Sub Post Office",,,,"https://slpost.gov.lk/wp-content/uploads/2022/11/POST-CODE-BOOK-.pdf"
"Korase","11044","Post Office","Gampaha",,,"https://slpost.gov.lk/wp-content/uploads/2022/11/POST-CODE-BOOK-.pdf"
"Kosdeniya","60356","Sub Post Office","Kurunegala",,,"https://slpost.gov.lk/wp-content/uploads/2022/11/POST-CODE-BOOK-.pdf"
"Kosgama","10730","Post Office","Colombo",,,"https://slpost.gov.lk/wp-content/uploads/2022/11/POST-CODE-BOOK-.pdf"
"Kosgoda","80570","Post Office","Galle",,,"https://slpost.gov.lk/wp-content/uploads/2022/11/POST-CODE-BOOK-.pdf"
"Kosgolla","60029","Sub Post Office","Kurunegala",,,"https://slpost.gov.lk/wp-content/uploads/2022/11/POST-CODE-BOOK-.pdf"
"Koslanda","90190","Post Office","Badulla",,,"https://slpost.gov.lk/wp-content/uploads/2022/11/POST-CODE-BOOK-.pdf"
"Koswatte","61158","Sub Post Office","Puttalam",,,"https://slpost.gov.lk/wp-content/uploads/2022/11/POST-CODE-BOOK-.pdf"
"Kotabowa","91559","Sub Post Office","Moneragala",,,"https://slpost.gov.lk/wp-content/uploads/2022/11/POST-CODE-BOOK-.pdf"
"Kotadeniyawa","11232","Sub Post Office","Gampaha",,,"https://slpost.gov.lk/wp-content/uploads/2022/11/POST-CODE-BOOK-.pdf"
"Kotagala","22080","Post Office","Nuwara Eliya",,,"https://slpost.gov.lk/wp-content/uploads/2022/11/POST-CODE-BOOK-.pdf"
"Kotagama","91512","Sub Post Office","Moneragala",,,"https://slpost.gov.lk/wp-content/uploads/2022/11/POST-CODE-BOOK-.pdf"
"Kotahena","01300","Post Office","Colombo",,,"https://slpost.gov.lk/wp-content/uploads/2022/11/POST-CODE-BOOK-.pdf"
"Kotamuduna","90506","Sub Post Office","Badulla",,,"https://slpost.gov.lk/wp-content/uploads/2022/11/POST-CODE-BOOK-.pdf"
"Kotapola","81480","Post Office","Matara",,,"https://slpost.gov.lk/wp-content/uploads/2022/11/POST-CODE-BOOK-.pdf"
"Kotawehera","60483","Sub Post Office","Kurunegala",,,"https://slpost.gov.lk/wp-content/uploads/2022/11/POST-CODE-BOOK-.pdf"
"Kotawehera Mankada","91312","Sub Post Office","Moneragala",,,"https://slpost.gov.lk/wp-content/uploads/2022/11/POST-CODE-BOOK-.pdf"
"Kotawella","71106","Sub Post Office","Kegalle",,,"https://slpost.gov.lk/wp-content/uploads/2022/11/POST-CODE-BOOK-.pdf"
"Kotiyagala","91024","Sub Post Office","Moneragala",,,"https://slpost.gov.lk/wp-content/uploads/2022/11/POST-CODE-BOOK-.pdf"
"Kotiyakumbura","71370","Post Office","Kegalle",,,"https://slpost.gov.lk/wp-content/uploads/2022/11/POST-CODE-BOOK-.pdf"
"Kotmale","22560","Post Office","Nuwara Eliya",,,"https://slpost.gov.lk/wp-content/uploads/2022/11/POST-CODE-BOOK-.pdf"
"Kottantivu","61252","Sub Post Office","Puttalam",,,"https://slpost.gov.lk/wp-content/uploads/2022/11/POST-CODE-BOOK-.pdf"
"Kottapitiya","51244","Sub Post Office","Polonnaruwa",,,"https://slpost.gov.lk/wp-content/uploads/2022/11/POST-CODE-BOOK-.pdf"
"Kottawa","10220","Post Office","Colombo",,,"https://slpost.gov.lk/wp-content/uploads/2022/11/POST-CODE-BOOK-.pdf"
"Kottawagama","80062","Sub Post Office","Galle",,,"https://slpost.gov.lk/wp-content/uploads/2022/11/POST-CODE-BOOK-.pdf"
"Kottegoda","81180","Post Office","Matara",,,"https://slpost.gov.lk/wp-content/uploads/2022/11/POST-CODE-BOOK-.pdf"
"Kottellena","22042","Sub Post Office","Nuwara Eliya",,,"https://slpost.gov.lk/wp-content/uploads/2022/11/POST-CODE-BOOK-.pdf"
"Kottukachchiya","61532","Sub Post Office","Puttalam",,,"https://slpost.gov.lk/wp-content/uploads/2022/11/POST-CODE-BOOK-.pdf"
"Kotugoda","11390","Post Office","Gampaha",,,"https://slpost.gov.lk/wp-content/uploads/2022/11/POST-CODE-BOOK-.pdf"
"Kuchchaveli","31014","Post Office","Trincomalee",,,"https://slpost.gov.lk/wp-content/uploads/2022/11/POST-CODE-BOOK-.pdf"
"Kuda Uduwa","12426","Sub Post Office","Kalutara",,,"https://slpost.gov.lk/wp-content/uploads/2022/11/POST-CODE-BOOK-.pdf"
"Kudagalgamuwa","60003","Sub Post Office","Kurunegala",,,"https://slpost.gov.lk/wp-content/uploads/2022/11/POST-CODE-BOOK-.pdf"
"Kudakathnoruwa","60754","Sub Post Office","Kurunegala",,,"https://slpost.gov.lk/wp-content/uploads/2022/11/POST-CODE-BOOK-.pdf"
"Kudathanai","40620","Sub Post Office","Jaffna",,,"https://slpost.gov.lk/wp-content/uploads/2022/11/POST-CODE-BOOK-.pdf"
"Kudawa","70005","Sub Post Office","Ratnapura",,,"https://slpost.gov.lk/wp-content/uploads/2022/11/POST-CODE-BOOK-.pdf"
"Kudawewa","61226","Sub Post Office","Puttalam",,,"https://slpost.gov.lk/wp-content/uploads/2022/11/POST-CODE-BOOK-.pdf"
"Kukurampola","91103","Sub Post Office","Moneragala",,,"https://slpost.gov.lk/wp-content/uploads/2022/11/POST-CODE-BOOK-.pdf"
"Kuleegoda","80328","Sub Post Office","Galle",,,"https://slpost.gov.lk/wp-content/uploads/2022/11/POST-CODE-BOOK-.pdf"
"Kuliyapitiya","60200","Post Office","Kurunegala",,,"https://slpost.gov.lk/wp-content/uploads/2022/11/POST-CODE-BOOK-.pdf"
"Kulugammana","20048","Sub Post Office","Kandy",,,"https://slpost.gov.lk/wp-content/uploads/2022/11/POST-CODE-BOOK-.pdf"
"Kumaragama","51412","Sub Post Office","Polonnaruwa",,,"https://slpost.gov.lk/wp-content/uploads/2022/11/POST-CODE-BOOK-.pdf"
"Kumarakattuwa","61032","Sub Post Office","Puttalam",,,"https://slpost.gov.lk/wp-content/uploads/2022/11/POST-CODE-BOOK-.pdf"
"Kumbalgamuwa","22272","Sub Post Office","Nuwara Eliya",,,"https://slpost.gov.lk/wp-content/uploads/2022/11/POST-CODE-BOOK-.pdf"
"Kumbaloluwa","11105","Sub Post Office","Gampaha",,,"https://slpost.gov.lk/wp-content/uploads/2022/11/POST-CODE-BOOK-.pdf"
"Kumbaloluwegama","22121","Sub Post Office","Nuwara Eliya",,,"https://slpost.gov.lk/wp-content/uploads/2022/11/POST-CODE-BOOK-.pdf"
"Kumbukgeta","60508","Sub Post Office","Kurunegala",,,"https://slpost.gov.lk/wp-content/uploads/2022/11/POST-CODE-BOOK-.pdf"
"Kumbukkalla","61318","Sub Post Office","Puttalam",,,"https://slpost.gov.lk/wp-content/uploads/2022/11/POST-CODE-BOOK-.pdf"
"Kumbukkana","91098","Sub Post Office","Moneragala",,,"https://slpost.gov.lk/wp-content/uploads/2022/11/POST-CODE-BOOK-.pdf"
"Kumbukkandura","20902","Sub Post Office","Kandy",,,"https://slpost.gov.lk/wp-content/uploads/2022/11/POST-CODE-BOOK-.pdf"
"Kumbukwela","22246","Sub Post Office","Nuwara Eliya",,,"https://slpost.gov.lk/wp-content/uploads/2022/11/POST-CODE-BOOK-.pdf"
"Kumbukwewa","60506","Sub Post Office","Kurunegala",,,"https://slpost.gov.lk/wp-content/uploads/2022/11/POST-CODE-BOOK-.pdf"
"Kumburegama","20086","Sub Post Office","Kandy",,,"https://slpost.gov.lk/wp-content/uploads/2022/11/POST-CODE-BOOK-.pdf"
"Kumburupiddy","31012","Sub Post Office","Trincomalee",,,"https://slpost.gov.lk/wp-content/uploads/2022/11/POST-CODE-BOOK-.pdf"
"Kundasale","20168","Post Office","Kandy",,,"https://slpost.gov.lk/wp-content/uploads/2022/11/POST-CODE-BOOK-.pdf"
"Kuratihena","60438","Sub Post Office","Kurunegala",,,"https://slpost.gov.lk/wp-content/uploads/2022/11/POST-CODE-BOOK-.pdf"
"Kurinchakerny","31112","Post Office","Trincomalee",,,"https://slpost.gov.lk/wp-content/uploads/2022/11/POST-CODE-BOOK-.pdf"
"Kurinjanpitiya","61356","Sub Post Office","Puttalam",,,"https://slpost.gov.lk/wp-content/uploads/2022/11/POST-CODE-BOOK-.pdf"
"Kuruketiyawa","61516","Sub Post Office","Puttalam",,,"https://slpost.gov.lk/wp-content/uploads/2022/11/POST-CODE-BOOK-.pdf"
"Kurukkalmadam","30192","Sub Post Office","Batticaloa",,,"https://slpost.gov.lk/wp-content/uploads/2022/11/POST-CODE-BOOK-.pdf"
"Kurundankulama","50062","Sub Post Office","Anuradhapura",,,"https://slpost.gov.lk/wp-content/uploads/2022/11/POST-CODE-BOOK-.pdf"
"Kurundugaha Hethekma","80395","Sub Post Office","Galle",,,"https://slpost.gov.lk/wp-content/uploads/2022/11/POST-CODE-BOOK-.pdf"
"Kurunduwatta Bazaar","20514","Post Office","Kandy",,,"https://slpost.gov.lk/wp-content/uploads/2022/11/POST-CODE-BOOK-.pdf"
"Kurunegala","60000","Post Office","Kurunegala",,,"https://slpost.gov.lk/wp-content/uploads/2022/11/POST-CODE-BOOK-.pdf"
"Kurupanawela","22252","Sub Post Office","Nuwara Eliya",,,"https://slpost.gov.lk/wp-content/uploads/2022/11/POST-CODE-BOOK-.pdf"
"Kuruwita","70500","Post Office","Ratnapura",,,"https://slpost.gov.lk/wp-content/uploads/2022/11/POST-CODE-BOOK-.pdf"
"Kuruwitenna","90728","Sub Post Office","Badulla",,,"https://slpost.gov.lk/wp-content/uploads/2022/11/POST-CODE-BOOK-.pdf"
"Kuttiyagolla","90046","Sub Post Office","Badulla",,,"https://slpost.gov.lk/wp-content/uploads/2022/11/POST-CODE-BOOK-.pdf"
"Labbala","60162","Sub Post Office","Kurunegala",,,"https://slpost.gov.lk/wp-content/uploads/2022/11/POST-CODE-BOOK-.pdf"
"Labukele","22592","Sub Post Office","Nuwara Eliya",,,"https://slpost.gov.lk/wp-content/uploads/2022/11/POST-CODE-BOOK-.pdf"
"Labunoruwa","50088","Sub Post Office","Anuradhapura",,,"https://slpost.gov.lk/wp-content/uploads/2022/11/POST-CODE-BOOK-.pdf"
"Laggala Pallegama","21520","Post Office","Matale",,,"https://slpost.gov.lk/wp-content/uploads/2022/11/POST-CODE-BOOK-.pdf"
"Lahugala","32512","Sub Post Office",,,,"https://slpost.gov.lk/wp-content/uploads/2022/11/POST-CODE-BOOK-.pdf"
"Lakshapana","22034","Sub Post Office","Nuwara Eliya",,,"https://slpost.gov.lk/wp-content/uploads/2022/11/POST-CODE-BOOK-.pdf"
"Lakshauyana","51006","Sub Post Office","Polonnaruwa",,,"https://slpost.gov.lk/wp-content/uploads/2022/11/POST-CODE-BOOK-.pdf"
"Landewela","90068","Sub Post Office","Badulla",,,"https://slpost.gov.lk/wp-content/uploads/2022/11/POST-CODE-BOOK-.pdf"
"Lankagama","81526","Sub Post Office","Matara",,,"https://slpost.gov.lk/wp-content/uploads/2022/11/POST-CODE-BOOK-.pdf"
"Lankapatuna","31234","Sub Post Office","Trincomalee",,,"https://slpost.gov.lk/wp-content/uploads/2022/11/POST-CODE-BOOK-.pdf"
"Leemagahakotuwa","20482","Sub Post Office","Kandy",,,"https://slpost.gov.lk/wp-content/uploads/2022/11/POST-CODE-BOOK-.pdf"
"Leliambe","21008","Sub Post Office","Matale",,,"https://slpost.gov.lk/wp-content/uploads/2022/11/POST-CODE-BOOK-.pdf"
"Lellopitiya","70056","Sub Post Office","Ratnapura",,,"https://slpost.gov.lk/wp-content/uploads/2022/11/POST-CODE-BOOK-.pdf"
"Lenadora","21094","Sub Post Office","Matale",,,"https://slpost.gov.lk/wp-content/uploads/2022/11/POST-CODE-BOOK-.pdf"
"Lewangama","71315","Sub Post Office","Kegalle",,,"https://slpost.gov.lk/wp-content/uploads/2022/11/POST-CODE-BOOK-.pdf"
"Lihiriyagama","61138","Sub Post Office","Puttalam",,,"https://slpost.gov.lk/wp-content/uploads/2022/11/POST-CODE-BOOK-.pdf"
"Lindula","22090","Post Office","Nuwara Eliya",,,"https://slpost.gov.lk/wp-content/uploads/2022/11/POST-CODE-BOOK-.pdf"
"Liyanagahawela","90106","Sub Post Office","Badulla",,,"https://slpost.gov.lk/wp-content/uploads/2022/11/POST-CODE-BOOK-.pdf"
"Lokahettiya","60108","Sub Post Office","Kurunegala",,,"https://slpost.gov.lk/wp-content/uploads/2022/11/POST-CODE-BOOK-.pdf"
"Loluwagoda","11204","Sub Post Office","Gampaha",,,"https://slpost.gov.lk/wp-content/uploads/2022/11/POST-CODE-BOOK-.pdf"
"Lunama","82108","Sub Post Office","Hambantota",,,"https://slpost.gov.lk/wp-content/uploads/2022/11/POST-CODE-BOOK-.pdf"
"Lunugala","90530","Post Office","Badulla",,,"https://slpost.gov.lk/wp-content/uploads/2022/11/POST-CODE-BOOK-.pdf"
"Lunugama","11062","Sub Post Office","Gampaha",,,"https://slpost.gov.lk/wp-content/uploads/2022/11/POST-CODE-BOOK-.pdf"
"Lunugamwehera","82634","Sub Post Office","Hambantota",,,"https://slpost.gov.lk/wp-content/uploads/2022/11/POST-CODE-BOOK-.pdf"
"Lunuketiya Maditta","20172","Sub Post Office","Kandy",,,"https://slpost.gov.lk/wp-content/uploads/2022/11/POST-CODE-BOOK-.pdf"
"Lunuwatte","90310","Post Office","Badulla",,,"https://slpost.gov.lk/wp-content/uploads/2022/11/POST-CODE-BOOK-.pdf"
"Lunuwila","61150","Post Office","Puttalam",,,"https://slpost.gov.lk/wp-content/uploads/2022/11/POST-CODE-BOOK-.pdf"
"Mabodale","11114","Sub Post Office","Gampaha",,,"https://slpost.gov.lk/wp-content/uploads/2022/11/POST-CODE-BOOK-.pdf"
"Mabola","11305","Sub Post Office","Gampaha",,,"https://slpost.gov.lk/wp-content/uploads/2022/11/POST-CODE-BOOK-.pdf"
"Madahapola","60552","Sub Post Office","Kurunegala",,,"https://slpost.gov.lk/wp-content/uploads/2022/11/POST-CODE-BOOK-.pdf"
"Madakumburumulla","60209","Sub Post Office","Kurunegala",,,"https://slpost.gov.lk/wp-content/uploads/2022/11/POST-CODE-BOOK-.pdf"
"Madalagama","70158","Sub Post Office","Ratnapura",,,"https://slpost.gov.lk/wp-content/uploads/2022/11/POST-CODE-BOOK-.pdf"
"Madampe","61230","Post Office","Puttalam",,,"https://slpost.gov.lk/wp-content/uploads/2022/11/POST-CODE-BOOK-.pdf"
"Madapatha","10306","Sub Post Office","Colombo",,,"https://slpost.gov.lk/wp-content/uploads/2022/11/POST-CODE-BOOK-.pdf"
"Madatugama","50130","Post Office","Anuradhapura",,,"https://slpost.gov.lk/wp-content/uploads/2022/11/POST-CODE-BOOK-.pdf"
"Madawala Bazaar","20260","Post Office","Kandy",,,"https://slpost.gov.lk/wp-content/uploads/2022/11/POST-CODE-BOOK-.pdf"
"Madawala Ulpotha","21074","Post Office","Matale",,,"https://slpost.gov.lk/wp-content/uploads/2022/11/POST-CODE-BOOK-.pdf"
"Madawalalanda","32016","Sub Post Office","Ampara",,,"https://slpost.gov.lk/wp-content/uploads/2022/11/POST-CODE-BOOK-.pdf"
"Madelgamuwa","11033","Sub Post Office","Gampaha",,,"https://slpost.gov.lk/wp-content/uploads/2022/11/POST-CODE-BOOK-.pdf"
"Madipola","21156","Post Office","Matale",,,"https://slpost.gov.lk/wp-content/uploads/2022/11/POST-CODE-BOOK-.pdf"
"Madolsima","90535","Post Office","Badulla",,,"https://slpost.gov.lk/wp-content/uploads/2022/11/POST-CODE-BOOK-.pdf"
"Madu Church","41010","Post Office","Mannar",,,"https://slpost.gov.lk/wp-content/uploads/2022/11/POST-CODE-BOOK-.pdf"
"Madu Road","41020","Sub Post Office","Mannar",,,"https://slpost.gov.lk/wp-content/uploads/2022/11/POST-CODE-BOOK-.pdf"
"Madugalla","20938","Sub Post Office","Kandy",,,"https://slpost.gov.lk/wp-content/uploads/2022/11/POST-CODE-BOOK-.pdf"
"Madugastalawa","90517","Sub Post Office","Badulla",,,"https://slpost.gov.lk/wp-content/uploads/2022/11/POST-CODE-BOOK-.pdf"
"Madukotanarawa","91071","Sub Post Office","Moneragala",,,"https://slpost.gov.lk/wp-content/uploads/2022/11/POST-CODE-BOOK-.pdf"
"Madulkele","20840","Post Office","Kandy",,,"https://slpost.gov.lk/wp-content/uploads/2022/11/POST-CODE-BOOK-.pdf"
"Madulla","22256","Sub Post Office","Nuwara Eliya",,,"https://slpost.gov.lk/wp-content/uploads/2022/11/POST-CODE-BOOK-.pdf"
"Maduragoda","60532","Sub Post Office","Kurunegala",,,"https://slpost.gov.lk/wp-content/uploads/2022/11/POST-CODE-BOOK-.pdf"
"Madurankuliya","61270","Post Office","Puttalam",,,"https://slpost.gov.lk/wp-content/uploads/2022/11/POST-CODE-BOOK-.pdf"
"Maduruoya","51108","Sub Post Office","Polonnaruwa",,,"https://slpost.gov.lk/wp-content/uploads/2022/11/POST-CODE-BOOK-.pdf"
"Maeliya","60512","Sub Post Office","Kurunegala",,,"https://slpost.gov.lk/wp-content/uploads/2022/11/POST-CODE-BOOK-.pdf"
"Magama","82608","Sub Post Office","Hambantota",,,"https://slpost.gov.lk/wp-content/uploads/2022/11/POST-CODE-BOOK-.pdf"
"Magedara","80152","Sub Post Office","Galle",,,"https://slpost.gov.lk/wp-content/uploads/2022/11/POST-CODE-BOOK-.pdf"
"Maggona","12060","Post Office","Kalutara",,,"https://slpost.gov.lk/wp-content/uploads/2022/11/POST-CODE-BOOK-.pdf"
"Magulagama","60221","Sub Post Office","Kurunegala",,,"https://slpost.gov.lk/wp-content/uploads/2022/11/POST-CODE-BOOK-.pdf"
"Maha Alapalawala","20237","Sub Post Office","Kandy",,,"https://slpost.gov.lk/wp-content/uploads/2022/11/POST-CODE-BOOK-.pdf"
"Maha Ambagaswewa","51518","Sub Post Office","Polonnaruwa",,,"https://slpost.gov.lk/wp-content/uploads/2022/11/POST-CODE-BOOK-.pdf"
"Maha Elagamuwa","50126","Sub Post Office","Anuradhapura",,,"https://slpost.gov.lk/wp-content/uploads/2022/11/POST-CODE-BOOK-.pdf"
"Mahabage","71722","Sub Post Office","Kegalle",,,"https://slpost.gov.lk/wp-content/uploads/2022/11/POST-CODE-BOOK-.pdf"
"Mahabulankulama","50196","Sub Post Office","Anuradhapura",,,"https://slpost.gov.lk/wp-content/uploads/2022/11/POST-CODE-BOOK-.pdf"
"Mahadivulwewa","31036","Sub Post Office","Trincomalee",,,"https://slpost.gov.lk/wp-content/uploads/2022/11/POST-CODE-BOOK-.pdf"
"Mahadoraliyadda","20945","Sub Post Office","Kandy",,,"https://slpost.gov.lk/wp-content/uploads/2022/11/POST-CODE-BOOK-.pdf"
"Mahagalkadawala","60731","Sub Post Office","Kurunegala",,,"https://slpost.gov.lk/wp-content/uploads/2022/11/POST-CODE-BOOK-.pdf"
"Mahagalwewa","82016","Sub Post Office","Hambantota",,,"https://slpost.gov.lk/wp-content/uploads/2022/11/POST-CODE-BOOK-.pdf"
"Mahagama","12210","Post Office","Kalutara",,,"https://slpost.gov.lk/wp-content/uploads/2022/11/POST-CODE-BOOK-.pdf"
"Mahagama Colony","91256","Sub Post Office","Moneragala",,,"https://slpost.gov.lk/wp-content/uploads/2022/11/POST-CODE-BOOK-.pdf"
"Mahagirilla","60479","Sub Post Office","Kurunegala",,,"https://slpost.gov.lk/wp-content/uploads/2022/11/POST-CODE-BOOK-.pdf"
"Mahailluppallama","50270","Post Office","Anuradhapura",,,"https://slpost.gov.lk/wp-content/uploads/2022/11/POST-CODE-BOOK-.pdf"
"Mahakachchakodiya","43080","Sub Post Office","Vavuniya",,,"https://slpost.gov.lk/wp-content/uploads/2022/11/POST-CODE-BOOK-.pdf"
"Mahakalugolla","91027","Sub Post Office","Moneragala",,,"https://slpost.gov.lk/wp-content/uploads/2022/11/POST-CODE-BOOK-.pdf"
"Mahakalupahana","12126","Sub Post Office","Kalutara",,,"https://slpost.gov.lk/wp-content/uploads/2022/11/POST-CODE-BOOK-.pdf"
"Mahakanadarawa","50306","Sub Post Office","Anuradhapura",,,"https://slpost.gov.lk/wp-content/uploads/2022/11/POST-CODE-BOOK-.pdf"
"Mahakeliya","60346","Sub Post Office","Kurunegala",,,"https://slpost.gov.lk/wp-content/uploads/2022/11/POST-CODE-BOOK-.pdf"
"Mahakumbukkadawala","61272","Sub Post Office","Puttalam",,,"https://slpost.gov.lk/wp-content/uploads/2022/11/POST-CODE-BOOK-.pdf"
"Mahamedagama","20216","Sub Post Office","Kandy",,,"https://slpost.gov.lk/wp-content/uploads/2022/11/POST-CODE-BOOK-.pdf"
"Mahamukalanyaya","60516","Sub Post Office","Kurunegala",,,"https://slpost.gov.lk/wp-content/uploads/2022/11/POST-CODE-BOOK-.pdf"
"Mahamulgama","20547","Sub Post Office","Kandy",,,"https://slpost.gov.lk/wp-content/uploads/2022/11/POST-CODE-BOOK-.pdf"
"Mahanagapura","32018","Sub Post Office","Ampara",,,"https://slpost.gov.lk/wp-content/uploads/2022/11/POST-CODE-BOOK-.pdf"
"Mahananneriya","60724","Post Office","Kurunegala",,,"https://slpost.gov.lk/wp-content/uploads/2022/11/POST-CODE-BOOK-.pdf"
"Mahaoya","32070","Post Office","Ampara",,,"https://slpost.gov.lk/wp-content/uploads/2022/11/POST-CODE-BOOK-.pdf"
"Mahapallegama","71063","Sub Post Office","Kegalle",,,"https://slpost.gov.lk/wp-content/uploads/2022/11/POST-CODE-BOOK-.pdf"
"Mahapannila","70334","Sub Post Office","Ratnapura",,,"https://slpost.gov.lk/wp-content/uploads/2022/11/POST-CODE-BOOK-.pdf"
"Mahapothana","50327","Sub Post Office","Anuradhapura",,,"https://slpost.gov.lk/wp-content/uploads/2022/11/POST-CODE-BOOK-.pdf"
"Mahara","11851","Sub Post Office","Gampaha",,,"https://slpost.gov.lk/wp-content/uploads/2022/11/POST-CODE-BOOK-.pdf"
"Maharachchimulla","60286","Sub Post Office","Kurunegala",,,"https://slpost.gov.lk/wp-content/uploads/2022/11/POST-CODE-BOOK-.pdf"
"Maharagama","10280","Post Office","Colombo",,,"https://slpost.gov.lk/wp-content/uploads/2022/11/POST-CODE-BOOK-.pdf"
"Maharangalla","71211","Sub Post Office","Kegalle",,,"https://slpost.gov.lk/wp-content/uploads/2022/11/POST-CODE-BOOK-.pdf"
"Maharugiramam","31106","Sub Post Office","Trincomalee",,,"https://slpost.gov.lk/wp-content/uploads/2022/11/POST-CODE-BOOK-.pdf"
"Mahasenpura","50574","Sub Post Office","Anuradhapura",,,"https://slpost.gov.lk/wp-content/uploads/2022/11/POST-CODE-BOOK-.pdf"
"Mahatalakolawewa","51506","Sub Post Office","Polonnaruwa",,,"https://slpost.gov.lk/wp-content/uploads/2022/11/POST-CODE-BOOK-.pdf"
"Mahaudagama","20551","Sub Post Office","Kandy",,,"https://slpost.gov.lk/wp-content/uploads/2022/11/POST-CODE-BOOK-.pdf"
"Mahauswewa","61512","Sub Post Office","Puttalam",,,"https://slpost.gov.lk/wp-content/uploads/2022/11/POST-CODE-BOOK-.pdf"
"Mahawalatenna","70112","Sub Post Office","Ratnapura",,,"https://slpost.gov.lk/wp-content/uploads/2022/11/POST-CODE-BOOK-.pdf"
"Mahawela","21140","Post Office","Matale",,,"https://slpost.gov.lk/wp-content/uploads/2022/11/POST-CODE-BOOK-.pdf"
"Mahaweli Sinhapura","51076","Sub Post Office","Polonnaruwa",,,"https://slpost.gov.lk/wp-content/uploads/2022/11/POST-CODE-BOOK-.pdf"
"Mahawewa","61220","Post Office","Puttalam",,,"https://slpost.gov.lk/wp-content/uploads/2022/11/POST-CODE-BOOK-.pdf"
"Mahawilachchiya","50022","Sub Post Office","Anuradhapura",,,"https://slpost.gov.lk/wp-content/uploads/2022/11/POST-CODE-BOOK-.pdf"
"Mahiyanganaya","90700","Post Office","Badulla",,,"https://slpost.gov.lk/wp-content/uploads/2022/11/POST-CODE-BOOK-.pdf"
"Maho","60600","Post Office","Kurunegala",,,"https://slpost.gov.lk/wp-content/uploads/2022/11/POST-CODE-BOOK-.pdf"
"Mailagaswewa","50384","Sub Post Office","Anuradhapura",,,"https://slpost.gov.lk/wp-content/uploads/2022/11/POST-CODE-BOOK-.pdf"
"Mailapitiya","20702","Sub Post Office","Kandy",,,"https://slpost.gov.lk/wp-content/uploads/2022/11/POST-CODE-BOOK-.pdf"
"Majuwana Keradewala","80243","Sub Post Office","Galle",,,"https://slpost.gov.lk/wp-content/uploads/2022/11/POST-CODE-BOOK-.pdf"
"Makandana","10305","Sub Post Office","Colombo",,,"https://slpost.gov.lk/wp-content/uploads/2022/11/POST-CODE-BOOK-.pdf"
"Makandura","81070","Post Office","Matara",,,"https://slpost.gov.lk/wp-content/uploads/2022/11/POST-CODE-BOOK-.pdf"
"Makandura","70298","Sub Post Office","Ratnapura","Sabaragamuwa",,"https://slpost.gov.lk/wp-content/uploads/2022/11/POST-CODE-BOOK-.pdf"
"Makehelwala","71507","Sub Post Office","Kegalle",,,"https://slpost.gov.lk/wp-content/uploads/2022/11/POST-CODE-BOOK-.pdf"
"Makewita","11358","Sub Post Office","Gampaha",,,"https://slpost.gov.lk/wp-content/uploads/2022/11/POST-CODE-BOOK-.pdf"
"Makkanigama","20828","Sub Post Office","Kandy",,,"https://slpost.gov.lk/wp-content/uploads/2022/11/POST-CODE-BOOK-.pdf"
"Makola","11640","Post Office","Gampaha",,,"https://slpost.gov.lk/wp-content/uploads/2022/11/POST-CODE-BOOK-.pdf"
"Makuldeniya","20921","Sub Post Office","Kandy",,,"https://slpost.gov.lk/wp-content/uploads/2022/11/POST-CODE-BOOK-.pdf"
"Makulella","90114","Sub Post Office","Badulla",,,"https://slpost.gov.lk/wp-content/uploads/2022/11/POST-CODE-BOOK-.pdf"
"Makulewa","60714","Sub Post Office","Kurunegala",,,"https://slpost.gov.lk/wp-content/uploads/2022/11/POST-CODE-BOOK-.pdf"
"Makulpotha","60514","Sub Post Office","Kurunegala",,,"https://slpost.gov.lk/wp-content/uploads/2022/11/POST-CODE-BOOK-.pdf"
"Makulwewa","60578","Sub Post Office","Kurunegala",,,"https://slpost.gov.lk/wp-content/uploads/2022/11/POST-CODE-BOOK-.pdf"
"Malagane","60404","Sub Post Office","Kurunegala",,,"https://slpost.gov.lk/wp-content/uploads/2022/11/POST-CODE-BOOK-.pdf"
"Malalpola","71704","Sub Post Office","Kegalle",,,"https://slpost.gov.lk/wp-content/uploads/2022/11/POST-CODE-BOOK-.pdf"
"Malambe","10115","Post Office","Colombo",,,"https://slpost.gov.lk/wp-content/uploads/2022/11/POST-CODE-BOOK-.pdf"
"Maldeniya","22021","Sub Post Office","Nuwara Eliya",,,"https://slpost.gov.lk/wp-content/uploads/2022/11/POST-CODE-BOOK-.pdf"
"Malgalla Talangalla","80144","Sub Post Office","Galle",,,"https://slpost.gov.lk/wp-content/uploads/2022/11/POST-CODE-BOOK-.pdf"
"Malgoda","90754","Sub Post Office","Badulla",,,"https://slpost.gov.lk/wp-content/uploads/2022/11/POST-CODE-BOOK-.pdf"
"Maliboda","71411","Sub Post Office","Kegalle",,,"https://slpost.gov.lk/wp-content/uploads/2022/11/POST-CODE-BOOK-.pdf"
"Maliduwa","81424","Sub Post Office","Matara",,,"https://slpost.gov.lk/wp-content/uploads/2022/11/POST-CODE-BOOK-.pdf"
"Malitta","90138","Sub Post Office","Badulla",,,"https://slpost.gov.lk/wp-content/uploads/2022/11/POST-CODE-BOOK-.pdf"
"Maliyadda","90022","Sub Post Office","Badulla",,,"https://slpost.gov.lk/wp-content/uploads/2022/11/POST-CODE-BOOK-.pdf"
"Mallakam","40142","Sub Post Office","Jaffna",,,"https://slpost.gov.lk/wp-content/uploads/2022/11/POST-CODE-BOOK-.pdf"
"Mallikativu","31224","Sub Post Office","Trincomalee",,,"https://slpost.gov.lk/wp-content/uploads/2022/11/POST-CODE-BOOK-.pdf"
"Malmaduwa","71325","Sub Post Office","Kegalle",,,"https://slpost.gov.lk/wp-content/uploads/2022/11/POST-CODE-BOOK-.pdf"
"Malwala Junction","70001","Sub Post Office","Ratnapura",,,"https://slpost.gov.lk/wp-content/uploads/2022/11/POST-CODE-BOOK-.pdf"
"Malwana","11670","Post Office","Gampaha",,,"https://slpost.gov.lk/wp-content/uploads/2022/11/POST-CODE-BOOK-.pdf"
"Malwanegama","50236","Sub Post Office","Anuradhapura",,,"https://slpost.gov.lk/wp-content/uploads/2022/11/POST-CODE-BOOK-.pdf"
"Malwatta","32198","Sub Post Office",,,,"https://slpost.gov.lk/wp-content/uploads/2022/11/POST-CODE-BOOK-.pdf"
"Mamadala","82109","Sub Post Office","Hambantota",,,"https://slpost.gov.lk/wp-content/uploads/2022/11/POST-CODE-BOOK-.pdf"
"Mamaduwa","43078","Sub Post Office","Vavuniya",,,"https://slpost.gov.lk/wp-content/uploads/2022/11/POST-CODE-BOOK-.pdf"
"Mampuri","61341","Sub Post Office","Puttalam",,,"https://slpost.gov.lk/wp-content/uploads/2022/11/POST-CODE-BOOK-.pdf"
"Manampitiya","51090","Post Office","Polonnaruwa",,,"https://slpost.gov.lk/wp-content/uploads/2022/11/POST-CODE-BOOK-.pdf"
"Mananwatta","21144","Sub Post Office","Matale",,,"https://slpost.gov.lk/wp-content/uploads/2022/11/POST-CODE-BOOK-.pdf"
"Mandapola","60434","Sub Post Office","Kurunegala",,,"https://slpost.gov.lk/wp-content/uploads/2022/11/POST-CODE-BOOK-.pdf"
"Mandaram Nuwara","22744","Sub Post Office","Nuwara Eliya",,,"https://slpost.gov.lk/wp-content/uploads/2022/11/POST-CODE-BOOK-.pdf"
"Mandativu","40045","Sub Post Office","Jaffna",,,"https://slpost.gov.lk/wp-content/uploads/2022/11/POST-CODE-BOOK-.pdf"
"Mandawala","11061","Sub Post Office","Gampaha",,,"https://slpost.gov.lk/wp-content/uploads/2022/11/POST-CODE-BOOK-.pdf"
"Mandur","30220","Post Office","Batticaloa",,,"https://slpost.gov.lk/wp-content/uploads/2022/11/POST-CODE-BOOK-.pdf"
"Maneruwa","50182","Sub Post Office","Anuradhapura",,,"https://slpost.gov.lk/wp-content/uploads/2022/11/POST-CODE-BOOK-.pdf"
"Mangalaeliya","61266","Sub Post Office","Puttalam",,,"https://slpost.gov.lk/wp-content/uploads/2022/11/POST-CODE-BOOK-.pdf"
"Mangalagama","32069","Sub Post Office","Ampara",,,"https://slpost.gov.lk/wp-content/uploads/2022/11/POST-CODE-BOOK-.pdf"
"Manipay","40200","Post Office","Jaffna",,,"https://slpost.gov.lk/wp-content/uploads/2022/11/POST-CODE-BOOK-.pdf"
"Maniyangama","10707","Sub Post Office","Colombo",,,"https://slpost.gov.lk/wp-content/uploads/2022/11/POST-CODE-BOOK-.pdf"
"Mankerni","30442","Sub Post Office","Batticaloa",,,"https://slpost.gov.lk/wp-content/uploads/2022/11/POST-CODE-BOOK-.pdf"
"Mankulam","42300","Post Office","Mullaitivu",,,"https://slpost.gov.lk/wp-content/uploads/2022/11/POST-CODE-BOOK-.pdf"
"Mannar","41000","Post Office","Mannar",,,"https://slpost.gov.lk/wp-content/uploads/2022/11/POST-CODE-BOOK-.pdf"
"Maoya","21506","Sub Post Office","Matale",,,"https://slpost.gov.lk/wp-content/uploads/2022/11/POST-CODE-BOOK-.pdf"
"Mapakadawewa","90730","Post Office","Badulla",,,"https://slpost.gov.lk/wp-content/uploads/2022/11/POST-CODE-BOOK-.pdf"
"Mapakanda","20662","Sub Post Office","Kandy",,,"https://slpost.gov.lk/wp-content/uploads/2022/11/POST-CODE-BOOK-.pdf"
"Mapalagama","80114","Sub Post Office","Galle",,,"https://slpost.gov.lk/wp-content/uploads/2022/11/POST-CODE-BOOK-.pdf"
"Mapalagama Central","80116","Sub Post Office","Galle",,,"https://slpost.gov.lk/wp-content/uploads/2022/11/POST-CODE-BOOK-.pdf"
"Maradankadawala","50080","Post Office","Anuradhapura",,,"https://slpost.gov.lk/wp-content/uploads/2022/11/POST-CODE-BOOK-.pdf"
"Maradankalla","50308","Sub Post Office","Anuradhapura",,,"https://slpost.gov.lk/wp-content/uploads/2022/11/POST-CODE-BOOK-.pdf"
"Maraiyadithakulam","43055","Sub Post Office","Vavuniya",,,"https://slpost.gov.lk/wp-content/uploads/2022/11/POST-CODE-BOOK-.pdf"
"Maraka","21554","Sub Post Office","Matale",,,"https://slpost.gov.lk/wp-content/uploads/2022/11/POST-CODE-BOOK-.pdf"
"Maramba","81416","Sub Post Office","Matara",,,"https://slpost.gov.lk/wp-content/uploads/2022/11/POST-CODE-BOOK-.pdf"
"Marandagahamula","11260","Post Office","Gampaha",,,"https://slpost.gov.lk/wp-content/uploads/2022/11/POST-CODE-BOOK-.pdf"
"Marapana","70041","Sub Post Office","Ratnapura",,,"https://slpost.gov.lk/wp-content/uploads/2022/11/POST-CODE-BOOK-.pdf"
"Marassana","20210","Post Office","Kandy",,,"https://slpost.gov.lk/wp-content/uploads/2022/11/POST-CODE-BOOK-.pdf"
"Marathamune","32314","Post Office",,,,"https://slpost.gov.lk/wp-content/uploads/2022/11/POST-CODE-BOOK-.pdf"
"Marathugoda","20113","Sub Post Office","Kandy",,,"https://slpost.gov.lk/wp-content/uploads/2022/11/POST-CODE-BOOK-.pdf"
"Marawa","91006","Sub Post Office","Moneragala",,,"https://slpost.gov.lk/wp-content/uploads/2022/11/POST-CODE-BOOK-.pdf"
"Marawila","61210","Post Office","Puttalam",,,"https://slpost.gov.lk/wp-content/uploads/2022/11/POST-CODE-BOOK-.pdf"
"Mariarawa","91052","Sub Post Office","Moneragala",,,"https://slpost.gov.lk/wp-content/uploads/2022/11/POST-CODE-BOOK-.pdf"
"Marichchikaddi","41055","Sub Post Office","Mannar",,,"https://slpost.gov.lk/wp-content/uploads/2022/11/POST-CODE-BOOK-.pdf"
"Marymount Colony","20714","Sub Post Office","Kandy",,,"https://slpost.gov.lk/wp-content/uploads/2022/11/POST-CODE-BOOK-.pdf"
"Maskeliya","22070","Post Office","Nuwara Eliya",,,"https://slpost.gov.lk/wp-content/uploads/2022/11/POST-CODE-BOOK-.pdf"
"Maspanna","90328","Sub Post Office","Badulla",,,"https://slpost.gov.lk/wp-content/uploads/2022/11/POST-CODE-BOOK-.pdf"
"Maspotha","60344","Sub Post Office","Kurunegala",,,"https://slpost.gov.lk/wp-content/uploads/2022/11/POST-CODE-BOOK-.pdf"
"Maswela","22566","Sub Post Office","Nuwara Eliya",,,"https://slpost.gov.lk/wp-content/uploads/2022/11/POST-CODE-BOOK-.pdf"
"Matale","21000","Post Office","Matale",,,"https://slpost.gov.lk/wp-content/uploads/2022/11/POST-CODE-BOOK-.pdf"
"Matara","81000","Post Office","Matara",,,"https://slpost.gov.lk/wp-content/uploads/2022/11/POST-CODE-BOOK-.pdf"
"Mathagal","40110","Sub Post Office","Jaffna",,,"https://slpost.gov.lk/wp-content/uploads/2022/11/POST-CODE-BOOK-.pdf"
"Mattaka","80424","Sub Post Office","Galle",,,"https://slpost.gov.lk/wp-content/uploads/2022/11/POST-CODE-BOOK-.pdf"
"Mattegoda","10240","Post Office","Colombo",,,"https://slpost.gov.lk/wp-content/uploads/2022/11/POST-CODE-BOOK-.pdf"
"Matugama","12100","Post Office","Kalutara",,,"https://slpost.gov.lk/wp-content/uploads/2022/11/POST-CODE-BOOK-.pdf"
"Maturata","22748","Sub Post Office","Nuwara Eliya",,,"https://slpost.gov.lk/wp-content/uploads/2022/11/POST-CODE-BOOK-.pdf"
"Matuwagalagama","70482","Sub Post Office","Ratnapura",,,"https://slpost.gov.lk/wp-content/uploads/2022/11/POST-CODE-BOOK-.pdf"
"Maussagolla","90582","Sub Post Office","Badulla",,,"https://slpost.gov.lk/wp-content/uploads/2022/11/POST-CODE-BOOK-.pdf"
"Mawadichchenai","31238","Sub Post Office","Trincomalee",,,"https://slpost.gov.lk/wp-content/uploads/2022/11/POST-CODE-BOOK-.pdf"
"Mawanagama","32158","Sub Post Office","Ampara",,,"https://slpost.gov.lk/wp-content/uploads/2022/11/POST-CODE-BOOK-.pdf"
"Mawanawela","32163","Sub Post Office","Ampara",,,"https://slpost.gov.lk/wp-content/uploads/2022/11/POST-CODE-BOOK-.pdf"
"Mawanella","71500","Post Office","Kegalle",,,"https://slpost.gov.lk/wp-content/uploads/2022/11/POST-CODE-BOOK-.pdf"
"Mawathagama","60060","Post Office","Kurunegala",,,"https://slpost.gov.lk/wp-content/uploads/2022/11/POST-CODE-BOOK-.pdf"
"Mawatura","20564","Sub Post Office","Kandy",,,"https://slpost.gov.lk/wp-content/uploads/2022/11/POST-CODE-BOOK-.pdf"
"Meda Keembiya","80092","Sub Post Office","Galle",,,"https://slpost.gov.lk/wp-content/uploads/2022/11/POST-CODE-BOOK-.pdf"
"Medagalatura","70021","Sub Post Office","Ratnapura",,,"https://slpost.gov.lk/wp-content/uploads/2022/11/POST-CODE-BOOK-.pdf"
"Medagama","91550","Post Office","Moneragala",,,"https://slpost.gov.lk/wp-content/uploads/2022/11/POST-CODE-BOOK-.pdf"
"Medamahanuwara","20940","Post Office","Kandy",,,"https://slpost.gov.lk/wp-content/uploads/2022/11/POST-CODE-BOOK-.pdf"
"Medamulana","82254","Post Office","Hambantota",,,"https://slpost.gov.lk/wp-content/uploads/2022/11/POST-CODE-BOOK-.pdf"
"Medawachchiya","50500","Post Office","Anuradhapura",,,"https://slpost.gov.lk/wp-content/uploads/2022/11/POST-CODE-BOOK-.pdf"
"Medawakkulama","61509","Sub Post Office","Puttalam",,,"https://slpost.gov.lk/wp-content/uploads/2022/11/POST-CODE-BOOK-.pdf"
"Medawala Harispattuwa","20120","Post Office","Kandy",,,"https://slpost.gov.lk/wp-content/uploads/2022/11/POST-CODE-BOOK-.pdf"
"Medawela Udukinda","90218","Sub Post Office","Badulla",,,"https://slpost.gov.lk/wp-content/uploads/2022/11/POST-CODE-BOOK-.pdf"
"Medawelagama","90518","Sub Post Office","Badulla",,,"https://slpost.gov.lk/wp-content/uploads/2022/11/POST-CODE-BOOK-.pdf"
"Meddekanda","70127","Sub Post Office","Ratnapura",,,"https://slpost.gov.lk/wp-content/uploads/2022/11/POST-CODE-BOOK-.pdf"
"Mederipitiya","81524","Sub Post Office","Matara",,,"https://slpost.gov.lk/wp-content/uploads/2022/11/POST-CODE-BOOK-.pdf"
"Medirigiriya","51500","Post Office","Polonnaruwa",,,"https://slpost.gov.lk/wp-content/uploads/2022/11/POST-CODE-BOOK-.pdf"
"Mediyawa","60612","Sub Post Office","Kurunegala",,,"https://slpost.gov.lk/wp-content/uploads/2022/11/POST-CODE-BOOK-.pdf"
"Meegahakivula","90015","Sub Post Office","Badulla",,,"https://slpost.gov.lk/wp-content/uploads/2022/11/POST-CODE-BOOK-.pdf"
"Meegahatenna","12130","Post Office","Kalutara",,,"https://slpost.gov.lk/wp-content/uploads/2022/11/POST-CODE-BOOK-.pdf"
"Meegalewa","60750","Post Office","Kurunegala",,,"https://slpost.gov.lk/wp-content/uploads/2022/11/POST-CODE-BOOK-.pdf"
"Meegama","12094","Sub Post Office","Kalutara",,,"https://slpost.gov.lk/wp-content/uploads/2022/11/POST-CODE-BOOK-.pdf"
"Meegaswewa","51508","Sub Post Office","Polonnaruwa",,,"https://slpost.gov.lk/wp-content/uploads/2022/11/POST-CODE-BOOK-.pdf"
"Meegoda","10504","Post Office","Colombo",,,"https://slpost.gov.lk/wp-content/uploads/2022/11/POST-CODE-BOOK-.pdf"
"Meeminnawala","50329","Sub Post Office","Anuradhapura",,,"https://slpost.gov.lk/wp-content/uploads/2022/11/POST-CODE-BOOK-.pdf"
"Meesalai","40510","Sub Post Office","Jaffna",,,"https://slpost.gov.lk/wp-content/uploads/2022/11/POST-CODE-BOOK-.pdf"
"Meetanwala","60066","Sub Post Office","Kurunegala",,,"https://slpost.gov.lk/wp-content/uploads/2022/11/POST-CODE-BOOK-.pdf"
"Meethalawa","20512","Sub Post Office","Kandy",,,"https://slpost.gov.lk/wp-content/uploads/2022/11/POST-CODE-BOOK-.pdf"
"Meetiyagoda","80330","Post Office","Galle",,,"https://slpost.gov.lk/wp-content/uploads/2022/11/POST-CODE-BOOK-.pdf"
"Meewellawa","60484","Sub Post Office","Kurunegala",,,"https://slpost.gov.lk/wp-content/uploads/2022/11/POST-CODE-BOOK-.pdf"
"Megoda Kalugamuwa","20409","Sub Post Office","Kandy",,,"https://slpost.gov.lk/wp-content/uploads/2022/11/POST-CODE-BOOK-.pdf"
"Megodawewa","50334","Sub Post Office","Anuradhapura",,,"https://slpost.gov.lk/wp-content/uploads/2022/11/POST-CODE-BOOK-.pdf"
"Mellawagedara","11234","Sub Post Office","Gampaha",,,"https://slpost.gov.lk/wp-content/uploads/2022/11/POST-CODE-BOOK-.pdf"
"Melpitiya","21055","Sub Post Office","Matale",,,"https://slpost.gov.lk/wp-content/uploads/2022/11/POST-CODE-BOOK-.pdf"
"Melsiripura","60540","Post Office","Kurunegala",,,"https://slpost.gov.lk/wp-content/uploads/2022/11/POST-CODE-BOOK-.pdf"
"Menikdiwela","20470","Post Office","Kandy",,,"https://slpost.gov.lk/wp-content/uploads/2022/11/POST-CODE-BOOK-.pdf"
"Menikhinna","20170","Post Office","Kandy",,,"https://slpost.gov.lk/wp-content/uploads/2022/11/POST-CODE-BOOK-.pdf"
"Metigahatenna","90540","Sub Post Office","Badulla",,,"https://slpost.gov.lk/wp-content/uploads/2022/11/POST-CODE-BOOK-.pdf"
"Metihakka","21062","Sub Post Office","Matale",,,"https://slpost.gov.lk/wp-content/uploads/2022/11/POST-CODE-BOOK-.pdf"
"Metikumbura","60304","Sub Post Office","Kurunegala",,,"https://slpost.gov.lk/wp-content/uploads/2022/11/POST-CODE-BOOK-.pdf"
"Metiyagane","60121","Sub Post Office","Kurunegala",,,"https://slpost.gov.lk/wp-content/uploads/2022/11/POST-CODE-BOOK-.pdf"
"Middeniya","82270","Post Office","Hambantota",,,"https://slpost.gov.lk/wp-content/uploads/2022/11/POST-CODE-BOOK-.pdf"
"Miella","81312","Sub Post Office","Matara",,,"https://slpost.gov.lk/wp-content/uploads/2022/11/POST-CODE-BOOK-.pdf"
"Migahajandura","82014","Sub Post Office","Hambantota",,,"https://slpost.gov.lk/wp-content/uploads/2022/11/POST-CODE-BOOK-.pdf"
"Migastenna","71716","Sub Post Office","Kegalle","Sabaragamuwa",,"https://slpost.gov.lk/wp-content/uploads/2022/11/POST-CODE-BOOK-.pdf"
"Mihintale","50300","Post Office","Anuradhapura",,,"https://slpost.gov.lk/wp-content/uploads/2022/11/POST-CODE-BOOK-.pdf"
"Millaniya","12412","Sub Post Office","Kalutara",,,"https://slpost.gov.lk/wp-content/uploads/2022/11/POST-CODE-BOOK-.pdf"
"Millawana","21154","Sub Post Office","Matale",,,"https://slpost.gov.lk/wp-content/uploads/2022/11/POST-CODE-BOOK-.pdf"
"Millewa","12422","Sub Post Office","Kalutara",,,"https://slpost.gov.lk/wp-content/uploads/2022/11/POST-CODE-BOOK-.pdf"
"Mimure","20923","Sub Post Office","Kandy",,,"https://slpost.gov.lk/wp-content/uploads/2022/11/POST-CODE-BOOK-.pdf"
"Minhettiya","60004","Sub Post Office","Kurunegala",,,"https://slpost.gov.lk/wp-content/uploads/2022/11/POST-CODE-BOOK-.pdf"
"Minigamuwa","20109","Sub Post Office","Kandy",,,"https://slpost.gov.lk/wp-content/uploads/2022/11/POST-CODE-BOOK-.pdf"
"Minipe","20983","Sub Post Office","Kandy",,,"https://slpost.gov.lk/wp-content/uploads/2022/11/POST-CODE-BOOK-.pdf"
"Minipura Dumbara","70494","Sub Post Office","Ratnapura",,,"https://slpost.gov.lk/wp-content/uploads/2022/11/POST-CODE-BOOK-.pdf"
"Minneriya","51410","Post Office","Polonnaruwa",,,"https://slpost.gov.lk/wp-content/uploads/2022/11/POST-CODE-BOOK-.pdf"
"Minuwangete","60406","Sub Post Office","Kurunegala",,,"https://slpost.gov.lk/wp-content/uploads/2022/11/POST-CODE-BOOK-.pdf"
"Minuwangoda","11550","Post Office","Gampaha",,,"https://slpost.gov.lk/wp-content/uploads/2022/11/POST-CODE-BOOK-.pdf"
"Mipanawa","22254","Sub Post Office","Nuwara Eliya",,,"https://slpost.gov.lk/wp-content/uploads/2022/11/POST-CODE-BOOK-.pdf"
"Mipilimana","22214","Sub Post Office","Nuwara Eliya",,,"https://slpost.gov.lk/wp-content/uploads/2022/11/POST-CODE-BOOK-.pdf"
"Mirahawatta","90134","Post Office","Badulla",,,"https://slpost.gov.lk/wp-content/uploads/2022/11/POST-CODE-BOOK-.pdf"
"Miravodai","30426","Sub Post Office","Batticaloa",,,"https://slpost.gov.lk/wp-content/uploads/2022/11/POST-CODE-BOOK-.pdf"
"Mirigama","11200","Post Office","Gampaha",,,"https://slpost.gov.lk/wp-content/uploads/2022/11/POST-CODE-BOOK-.pdf"
"Mirihanegama","60408","Sub Post Office","Kurunegala",,,"https://slpost.gov.lk/wp-content/uploads/2022/11/POST-CODE-BOOK-.pdf"
"Mirijjawila","82001","Sub Post Office","Hambantota",,,"https://slpost.gov.lk/wp-content/uploads/2022/11/POST-CODE-BOOK-.pdf"
"Mirissa","81740","Post Office","Matara",,,"https://slpost.gov.lk/wp-content/uploads/2022/11/POST-CODE-BOOK-.pdf"
"Mirissala","60046","Sub Post Office","Kurunegala",,,"https://slpost.gov.lk/wp-content/uploads/2022/11/POST-CODE-BOOK-.pdf"
"Miriswatte","80508","Sub Post Office","Galle",,,"https://slpost.gov.lk/wp-content/uploads/2022/11/POST-CODE-BOOK-.pdf"
"Miriyabedda","90504","Sub Post Office","Badulla",,,"https://slpost.gov.lk/wp-content/uploads/2022/11/POST-CODE-BOOK-.pdf"
"Mirusuvil","40750","Sub Post Office","Jaffna",,,"https://slpost.gov.lk/wp-content/uploads/2022/11/POST-CODE-BOOK-.pdf"
"Mithirigala","11742","Sub Post Office","Gampaha",,,"https://slpost.gov.lk/wp-content/uploads/2022/11/POST-CODE-BOOK-.pdf"
"Mitipola","70604","Sub Post Office","Ratnapura",,,"https://slpost.gov.lk/wp-content/uploads/2022/11/POST-CODE-BOOK-.pdf"
"Miwanapalana","12424","Sub Post Office","Kalutara",,,"https://slpost.gov.lk/wp-content/uploads/2022/11/POST-CODE-BOOK-.pdf"
"Miyanakandura","90584","Sub Post Office","Badulla",,,"https://slpost.gov.lk/wp-content/uploads/2022/11/POST-CODE-BOOK-.pdf"
"Miyanawita","71432","Sub Post Office","Kegalle",,,"https://slpost.gov.lk/wp-content/uploads/2022/11/POST-CODE-BOOK-.pdf"
"Modarawana","82416","Sub Post Office","Hambantota",,,"https://slpost.gov.lk/wp-content/uploads/2022/11/POST-CODE-BOOK-.pdf"
"Molagoda","71016","Sub Post Office","Kegalle",,,"https://slpost.gov.lk/wp-content/uploads/2022/11/POST-CODE-BOOK-.pdf"
"Molkawa","12216","Sub Post Office","Kalutara",,,"https://slpost.gov.lk/wp-content/uploads/2022/11/POST-CODE-BOOK-.pdf"
"Monaragala","91000","Post Office","Moneragala",,,"https://slpost.gov.lk/wp-content/uploads/2022/11/POST-CODE-BOOK-.pdf"
"Monnekulama","60495","Sub Post Office","Kurunegala",,,"https://slpost.gov.lk/wp-content/uploads/2022/11/POST-CODE-BOOK-.pdf"
"Moragahapallama","32012","Sub Post Office","Ampara",,,"https://slpost.gov.lk/wp-content/uploads/2022/11/POST-CODE-BOOK-.pdf"
"Moragala Kirilipone","81532","Sub Post Office","Matara",,,"https://slpost.gov.lk/wp-content/uploads/2022/11/POST-CODE-BOOK-.pdf"
"Moragane","60354","Sub Post Office","Kurunegala",,,"https://slpost.gov.lk/wp-content/uploads/2022/11/POST-CODE-BOOK-.pdf"
"Moragollagama","60640","Post Office","Kurunegala",,,"https://slpost.gov.lk/wp-content/uploads/2022/11/POST-CODE-BOOK-.pdf"
"Morahela","70129","Sub Post Office","Ratnapura",,,"https://slpost.gov.lk/wp-content/uploads/2022/11/POST-CODE-BOOK-.pdf"
"Morahenagama","22036","Sub Post Office","Nuwara Eliya",,,"https://slpost.gov.lk/wp-content/uploads/2022/11/POST-CODE-BOOK-.pdf"
"Morakewa","50349","Sub Post Office","Anuradhapura",,,"https://slpost.gov.lk/wp-content/uploads/2022/11/POST-CODE-BOOK-.pdf"
"Morakottanchenai","30392","Sub Post Office","Batticaloa",,,"https://slpost.gov.lk/wp-content/uploads/2022/11/POST-CODE-BOOK-.pdf"
"Morapitiya","12232","Sub Post Office","Kalutara",,,"https://slpost.gov.lk/wp-content/uploads/2022/11/POST-CODE-BOOK-.pdf"
"Morathiha","60038","Sub Post Office","Kurunegala",,,"https://slpost.gov.lk/wp-content/uploads/2022/11/POST-CODE-BOOK-.pdf"
"Moratuwa","10400","Post Office","Colombo",,,"https://slpost.gov.lk/wp-content/uploads/2022/11/POST-CODE-BOOK-.pdf"
"Morawaka","81470","Post Office","Matara",,,"https://slpost.gov.lk/wp-content/uploads/2022/11/POST-CODE-BOOK-.pdf"
"Moratuwegama","91108","Sub Post Office","Moneragala",,,"https://slpost.gov.lk/wp-content/uploads/2022/11/POST-CODE-BOOK-.pdf"
"Morontota","71220","Post Office","Kegalle",,,"https://slpost.gov.lk/wp-content/uploads/2022/11/POST-CODE-BOOK-.pdf"
"Morontuduwa","12564","Post Office","Kalutara",,,"https://slpost.gov.lk/wp-content/uploads/2022/11/POST-CODE-BOOK-.pdf"
"Mount .Lavinia","10370","Post Office","Colombo",,,"https://slpost.gov.lk/wp-content/uploads/2022/11/POST-CODE-BOOK-.pdf"
"Mudalakkuliya","61506","Sub Post Office","Puttalam",,,"https://slpost.gov.lk/wp-content/uploads/2022/11/POST-CODE-BOOK-.pdf"
"Muddaragama","11112","Sub Post Office","Gampaha",,,"https://slpost.gov.lk/wp-content/uploads/2022/11/POST-CODE-BOOK-.pdf"
"Mudungoda","11056","Sub Post Office","Gampaha",,,"https://slpost.gov.lk/wp-content/uploads/2022/11/POST-CODE-BOOK-.pdf"
"Mugunuwatawana","61014","Sub Post Office","Puttalam",,,"https://slpost.gov.lk/wp-content/uploads/2022/11/POST-CODE-BOOK-.pdf"
"Mukiriyawa","50324","Sub Post Office","Anuradhapura",,,"https://slpost.gov.lk/wp-content/uploads/2022/11/POST-CODE-BOOK-.pdf"
"Mukkutoduwawa","61274","Sub Post Office","Puttalam",,,"https://slpost.gov.lk/wp-content/uploads/2022/11/POST-CODE-BOOK-.pdf"
"Mulatiyana Junction","81071","Sub Post Office","Matara",,,"https://slpost.gov.lk/wp-content/uploads/2022/11/POST-CODE-BOOK-.pdf"
"Mulendiyawala","70212","Sub Post Office","Ratnapura",,,"https://slpost.gov.lk/wp-content/uploads/2022/11/POST-CODE-BOOK-.pdf"
"Mulgama","70117","Sub Post Office","Ratnapura",,,"https://slpost.gov.lk/wp-content/uploads/2022/11/POST-CODE-BOOK-.pdf"
"Mulkirigala","82242","Sub Post Office","Hambantota",,,"https://slpost.gov.lk/wp-content/uploads/2022/11/POST-CODE-BOOK-.pdf"
"Mullaitivu","42000","Post Office","Mullaitivu",,,"https://slpost.gov.lk/wp-content/uploads/2022/11/POST-CODE-BOOK-.pdf"
"Mullegama","10202","Sub Post Office","Colombo",,,"https://slpost.gov.lk/wp-content/uploads/2022/11/POST-CODE-BOOK-.pdf"
"Mulleriyawa New Town","10620","Post Office","Colombo",,,"https://slpost.gov.lk/wp-content/uploads/2022/11/POST-CODE-BOOK-.pdf"
"Mullipothana","31312","Sub Post Office","Trincomalee",,,"https://slpost.gov.lk/wp-content/uploads/2022/11/POST-CODE-BOOK-.pdf"
"Mullivaikkal","42025","Sub Post Office","Mullaitivu",,,"https://slpost.gov.lk/wp-content/uploads/2022/11/POST-CODE-BOOK-.pdf"
"Mulliyan","42570","Sub Post Office","Kilinochchi",,,"https://slpost.gov.lk/wp-content/uploads/2022/11/POST-CODE-BOOK-.pdf"
"Mulliyawalai","42100","Post Office","Mullaitivu",,,"https://slpost.gov.lk/wp-content/uploads/2022/11/POST-CODE-BOOK-.pdf"
"Munamaldeniya","60218","Sub Post Office","Kurunegala",,,"https://slpost.gov.lk/wp-content/uploads/2022/11/POST-CODE-BOOK-.pdf"
"Mundel","61250","Post Office","Puttalam",,,"https://slpost.gov.lk/wp-content/uploads/2022/11/POST-CODE-BOOK-.pdf"
"Munwatta","22752","Sub Post Office","Nuwara Eliya",,,"https://slpost.gov.lk/wp-content/uploads/2022/11/POST-CODE-BOOK-.pdf"
"Murasumoddai","42505","Sub Post Office","Kilinochchi",,,"https://slpost.gov.lk/wp-content/uploads/2022/11/POST-CODE-BOOK-.pdf"
"Muriyakadawala","50344","Sub Post Office","Anuradhapura",,,"https://slpost.gov.lk/wp-content/uploads/2022/11/POST-CODE-BOOK-.pdf"
"Murunkan","41030","Post Office","Mannar",,,"https://slpost.gov.lk/wp-content/uploads/2022/11/POST-CODE-BOOK-.pdf"
"Muruthagahamula","20526","Sub Post Office","Kandy",,,"https://slpost.gov.lk/wp-content/uploads/2022/11/POST-CODE-BOOK-.pdf"
"Muruthalawa","20232","Post Office","Kandy",,,"https://slpost.gov.lk/wp-content/uploads/2022/11/POST-CODE-BOOK-.pdf"
"Muruthenge","60122","Sub Post Office","Kurunegala",,,"https://slpost.gov.lk/wp-content/uploads/2022/11/POST-CODE-BOOK-.pdf"
"Muthayankaddakulam","42210","Sub Post Office","Mullaitivu",,,"https://slpost.gov.lk/wp-content/uploads/2022/11/POST-CODE-BOOK-.pdf"
"Muttibendivila","61195","Sub Post Office","Puttalam",,,"https://slpost.gov.lk/wp-content/uploads/2022/11/POST-CODE-BOOK-.pdf"
"Mutugala","51064","Sub Post Office","Polonnaruwa",,,"https://slpost.gov.lk/wp-content/uploads/2022/11/POST-CODE-BOOK-.pdf"
"Mutur","31200","Post Office","Trincomalee",,,"https://slpost.gov.lk/wp-content/uploads/2022/11/POST-CODE-BOOK-.pdf"
"Muwandeniya","21044","Sub Post Office","Matale",,,"https://slpost.gov.lk/wp-content/uploads/2022/11/POST-CODE-BOOK-.pdf"
"Nabadewa","60482","Sub Post Office","Kurunegala",,,"https://slpost.gov.lk/wp-content/uploads/2022/11/POST-CODE-BOOK-.pdf"
"Nachchaduwa","50046","Sub Post Office","Anuradhapura",,,"https://slpost.gov.lk/wp-content/uploads/2022/11/POST-CODE-BOOK-.pdf"
"Naddankandal","42308","Sub Post Office","Mullaitivu",,,"https://slpost.gov.lk/wp-content/uploads/2022/11/POST-CODE-BOOK-.pdf"
"Nadugala","81092","Sub Post Office","Matara",,,"https://slpost.gov.lk/wp-content/uploads/2022/11/POST-CODE-BOOK-.pdf"
"Nagarkovil","40630","Sub Post Office","Jaffna",,,"https://slpost.gov.lk/wp-content/uploads/2022/11/POST-CODE-BOOK-.pdf"
"Nagoda","80110","Post Office","Galle",,,"https://slpost.gov.lk/wp-content/uploads/2022/11/POST-CODE-BOOK-.pdf"
"Nagollagama","60590","Post Office","Kurunegala",,,"https://slpost.gov.lk/wp-content/uploads/2022/11/POST-CODE-BOOK-.pdf"
"Nagollagoda","60226","Sub Post Office","Kurunegala",,,"https://slpost.gov.lk/wp-content/uploads/2022/11/POST-CODE-BOOK-.pdf"
"Nainamadama","61120","Post Office","Puttalam",,,"https://slpost.gov.lk/wp-content/uploads/2022/11/POST-CODE-BOOK-.pdf"
"Nainativu","40360","Post Office","Jaffna",,,"https://slpost.gov.lk/wp-content/uploads/2022/11/POST-CODE-BOOK-.pdf"
"Nakiyadeniya","80064","Sub Post Office","Galle",,,"https://slpost.gov.lk/wp-content/uploads/2022/11/POST-CODE-BOOK-.pdf"
"Nakkala","91003","Sub Post Office","Moneragala",,,"https://slpost.gov.lk/wp-content/uploads/2022/11/POST-CODE-BOOK-.pdf"
"Nakkawatta","60186","Sub Post Office","Kurunegala",,,"https://slpost.gov.lk/wp-content/uploads/2022/11/POST-CODE-BOOK-.pdf"
"Nakulugamuwa","82300","Post Office","Hambantota",,,"https://slpost.gov.lk/wp-content/uploads/2022/11/POST-CODE-BOOK-.pdf"
"Nalanda","21082","Sub Post Office","Matale",,,"https://slpost.gov.lk/wp-content/uploads/2022/11/POST-CODE-BOOK-.pdf"
"Nalladarankattuwa","61244","Sub Post Office","Puttalam",,,"https://slpost.gov.lk/wp-content/uploads/2022/11/POST-CODE-BOOK-.pdf"
"Namaloya","32037","Sub Post Office","Ampara",,,"https://slpost.gov.lk/wp-content/uploads/2022/11/POST-CODE-BOOK-.pdf"
"Namalpura","50339","Sub Post Office","Anuradhapura",,,"https://slpost.gov.lk/wp-content/uploads/2022/11/POST-CODE-BOOK-.pdf"
"Namunukula","90580","Post Office","Badulla",,,"https://slpost.gov.lk/wp-content/uploads/2022/11/POST-CODE-BOOK-.pdf"
"Nanattan","41033","Sub Post Office","Mannar",,,"https://slpost.gov.lk/wp-content/uploads/2022/11/POST-CODE-BOOK-.pdf"
"Nannapurawa","91519","Sub Post Office","Moneragala",,,"https://slpost.gov.lk/wp-content/uploads/2022/11/POST-CODE-BOOK-.pdf"
"Nanuoya","22150","Post Office","Nuwara Eliya",,,"https://slpost.gov.lk/wp-content/uploads/2022/11/POST-CODE-BOOK-.pdf"
"Napawala","10704","Sub Post Office","Colombo",,,"https://slpost.gov.lk/wp-content/uploads/2022/11/POST-CODE-BOOK-.pdf"
"Narammala","60100","Post Office","Kurunegala",,,"https://slpost.gov.lk/wp-content/uploads/2022/11/POST-CODE-BOOK-.pdf"
"Narangala","90064","Sub Post Office","Badulla",,,"https://slpost.gov.lk/wp-content/uploads/2022/11/POST-CODE-BOOK-.pdf"
"Narangoda","60152","Sub Post Office","Kurunegala",,,"https://slpost.gov.lk/wp-content/uploads/2022/11/POST-CODE-BOOK-.pdf"
"Narampanawa","20176","Sub Post Office","Kandy",,,"https://slpost.gov.lk/wp-content/uploads/2022/11/POST-CODE-BOOK-.pdf"
"Naranwala","11063","Sub Post Office","Gampaha",,,"https://slpost.gov.lk/wp-content/uploads/2022/11/POST-CODE-BOOK-.pdf"
"Narawelpita","81302","Sub Post Office","Matara",,,"https://slpost.gov.lk/wp-content/uploads/2022/11/POST-CODE-BOOK-.pdf"
"Nattandiya","61190","Post Office","Puttalam",,,"https://slpost.gov.lk/wp-content/uploads/2022/11/POST-CODE-BOOK-.pdf"
"Nattarampotha","20194","Sub Post Office","Kandy",,,"https://slpost.gov.lk/wp-content/uploads/2022/11/POST-CODE-BOOK-.pdf"
"Naula","21090","Post Office","Matale",,,"https://slpost.gov.lk/wp-content/uploads/2022/11/POST-CODE-BOOK-.pdf"
"Navadagala","80416","Sub Post Office","Galle",,,"https://slpost.gov.lk/wp-content/uploads/2022/11/POST-CODE-BOOK-.pdf"
"Navagirinagar","30238","Sub Post Office","Batticaloa",,,"https://slpost.gov.lk/wp-content/uploads/2022/11/POST-CODE-BOOK-.pdf"
"Navatkadu","30018","Post Office","Batticaloa",,,"https://slpost.gov.lk/wp-content/uploads/2022/11/POST-CODE-BOOK-.pdf"
"Navimana","81017","Sub Post Office","Matara",,,"https://slpost.gov.lk/wp-content/uploads/2022/11/POST-CODE-BOOK-.pdf"
"Navithanveli","32308","Sub Post Office",,,,"https://slpost.gov.lk/wp-content/uploads/2022/11/POST-CODE-BOOK-.pdf"
"Nawagattegama","61520","Post Office","Puttalam",,,"https://slpost.gov.lk/wp-content/uploads/2022/11/POST-CODE-BOOK-.pdf"
"Nawalakanda","70469","Sub Post Office","Ratnapura",,,"https://slpost.gov.lk/wp-content/uploads/2022/11/POST-CODE-BOOK-.pdf"
"Nawalapitiya","20650","Post Office","Kandy",,,"https://slpost.gov.lk/wp-content/uploads/2022/11/POST-CODE-BOOK-.pdf"
"Nawamahasenpura","51071","Sub Post Office","Polonnaruwa",,,"https://slpost.gov.lk/wp-content/uploads/2022/11/POST-CODE-BOOK-.pdf"
"Nawamedagama","32120","Post Office","Ampara",,,"https://slpost.gov.lk/wp-content/uploads/2022/11/POST-CODE-BOOK-.pdf"
"Nawana","11222","Sub Post Office","Gampaha",,,"https://slpost.gov.lk/wp-content/uploads/2022/11/POST-CODE-BOOK-.pdf"
"Nawasenapura","51066","Sub Post Office","Polonnaruwa",,,"https://slpost.gov.lk/wp-content/uploads/2022/11/POST-CODE-BOOK-.pdf"
"Nawatalwatta","60292","Sub Post Office","Kurunegala",,,"https://slpost.gov.lk/wp-content/uploads/2022/11/POST-CODE-BOOK-.pdf"
"Nawathispane","22670","Post Office","Nuwara Eliya",,,"https://slpost.gov.lk/wp-content/uploads/2022/11/POST-CODE-BOOK-.pdf"
"Nawinnapinnakanda","70165","Sub Post Office","Ratnapura",,,"https://slpost.gov.lk/wp-content/uploads/2022/11/POST-CODE-BOOK-.pdf"
"Nawuttuduwa","12106","Sub Post Office","Kalutara",,,"https://slpost.gov.lk/wp-content/uploads/2022/11/POST-CODE-BOOK-.pdf"
"Nayapana Colony","22568","Sub Post Office","Nuwara Eliya",,,"https://slpost.gov.lk/wp-content/uploads/2022/11/POST-CODE-BOOK-.pdf"
"Neboda","12030","Post Office","Kalutara",,,"https://slpost.gov.lk/wp-content/uploads/2022/11/POST-CODE-BOOK-.pdf"
"Nedungamuwa","11066","Sub Post Office","Gampaha",,,"https://slpost.gov.lk/wp-content/uploads/2022/11/POST-CODE-BOOK-.pdf"
"Nedunkerny","43075","Post Office","Vavuniya",,,"https://slpost.gov.lk/wp-content/uploads/2022/11/POST-CODE-BOOK-.pdf"
"Neelapola","31228","Sub Post Office","Trincomalee",,,"https://slpost.gov.lk/wp-content/uploads/2022/11/POST-CODE-BOOK-.pdf"
"Neervely","40165","Sub Post Office","Jaffna",,,"https://slpost.gov.lk/wp-content/uploads/2022/11/POST-CODE-BOOK-.pdf"
"Negambo","11500","Post Office","Gampaha",,,"https://slpost.gov.lk/wp-content/uploads/2022/11/POST-CODE-BOOK-.pdf"
"Negampaha","50180","Post Office","Anuradhapura",,,"https://slpost.gov.lk/wp-content/uploads/2022/11/POST-CODE-BOOK-.pdf"
"Nelliya","60549","Sub Post Office","Kurunegala",,,"https://slpost.gov.lk/wp-content/uploads/2022/11/POST-CODE-BOOK-.pdf"
"Nelliyadda","32042","Sub Post Office","Ampara",,,"https://slpost.gov.lk/wp-content/uploads/2022/11/POST-CODE-BOOK-.pdf"
"Nelumgama","90042","Sub Post Office","Badulla",,,"https://slpost.gov.lk/wp-content/uploads/2022/11/POST-CODE-BOOK-.pdf"
"Nelumwewa","51096","Sub Post Office","Polonnaruwa",,,"https://slpost.gov.lk/wp-content/uploads/2022/11/POST-CODE-BOOK-.pdf"
"Nelundeniya","71060","Post Office","Kegalle",,,"https://slpost.gov.lk/wp-content/uploads/2022/11/POST-CODE-BOOK-.pdf"
"Neluwa","80082","Post Office","Galle",,,"https://slpost.gov.lk/wp-content/uploads/2022/11/POST-CODE-BOOK-.pdf"
"Neriyakulam","43100","Post Office","Vavuniya",,,"https://slpost.gov.lk/wp-content/uploads/2022/11/POST-CODE-BOOK-.pdf"
"Netolpitiya","82135","Sub Post Office","Hambantota",,,"https://slpost.gov.lk/wp-content/uploads/2022/11/POST-CODE-BOOK-.pdf"
"Nihiluwa","82414","Sub Post Office","Hambantota",,,"https://slpost.gov.lk/wp-content/uploads/2022/11/POST-CODE-BOOK-.pdf"
"Nikadalupotha","60580","Post Office","Kurunegala",,,"https://slpost.gov.lk/wp-content/uploads/2022/11/POST-CODE-BOOK-.pdf"
"Nikahetikanda","11128","Sub Post Office","Gampaha",,,"https://slpost.gov.lk/wp-content/uploads/2022/11/POST-CODE-BOOK-.pdf"
"Nikapotha","90165","Sub Post Office","Badulla",,,"https://slpost.gov.lk/wp-content/uploads/2022/11/POST-CODE-BOOK-.pdf"
"Nikawehera","21203","Sub Post Office","Matale",,,"https://slpost.gov.lk/wp-content/uploads/2022/11/POST-CODE-BOOK-.pdf"
"Nikaweratiya","60470","Post Office","Kurunegala",,,"https://slpost.gov.lk/wp-content/uploads/2022/11/POST-CODE-BOOK-.pdf"
"Nilaveli","31010","Post Office","Trincomalee",,,"https://slpost.gov.lk/wp-content/uploads/2022/11/POST-CODE-BOOK-.pdf"
"Nildandahinna","22280","Post Office","Nuwara Eliya",,,"https://slpost.gov.lk/wp-content/uploads/2022/11/POST-CODE-BOOK-.pdf"
"Nilgala","91508","Sub Post Office","Moneragala",,,"https://slpost.gov.lk/wp-content/uploads/2022/11/POST-CODE-BOOK-.pdf"
"Nillambe","20418","Sub Post Office","Kandy",,,"https://slpost.gov.lk/wp-content/uploads/2022/11/POST-CODE-BOOK-.pdf"
"Nindana","80318","Sub Post Office","Galle",,,"https://slpost.gov.lk/wp-content/uploads/2022/11/POST-CODE-BOOK-.pdf"
"Nintavur","32340","Post Office",,,,"https://slpost.gov.lk/wp-content/uploads/2022/11/POST-CODE-BOOK-.pdf"
"Niralgama","70038","Sub Post Office","Ratnapura",,,"https://slpost.gov.lk/wp-content/uploads/2022/11/POST-CODE-BOOK-.pdf"
"Nishshanka Uyana","22075","Sub Post Office","Nuwara Eliya",,,"https://slpost.gov.lk/wp-content/uploads/2022/11/POST-CODE-BOOK-.pdf"
"Nittambuwa","11880","Post Office","Gampaha",,,"https://slpost.gov.lk/wp-content/uploads/2022/11/POST-CODE-BOOK-.pdf"
"Nivandama","11354","Sub Post Office","Gampaha",,,"https://slpost.gov.lk/wp-content/uploads/2022/11/POST-CODE-BOOK-.pdf"
"Nivithigala","70400","Post Office","Ratnapura",,,"https://slpost.gov.lk/wp-content/uploads/2022/11/POST-CODE-BOOK-.pdf"
"Niwatuwa","71608","Sub Post Office","Kegalle",,,"https://slpost.gov.lk/wp-content/uploads/2022/11/POST-CODE-BOOK-.pdf"
"Niyadurupola","71602","Sub Post Office","Kegalle",,,"https://slpost.gov.lk/wp-content/uploads/2022/11/POST-CODE-BOOK-.pdf"
"Nochchiyagama","50200","Post Office","Anuradhapura",,,"https://slpost.gov.lk/wp-content/uploads/2022/11/POST-CODE-BOOK-.pdf"
"Noori","71407","Sub Post Office","Kegalle",,,"https://slpost.gov.lk/wp-content/uploads/2022/11/POST-CODE-BOOK-.pdf"
"Norachcholai","61342","Post Office","Puttalam",,,"https://slpost.gov.lk/wp-content/uploads/2022/11/POST-CODE-BOOK-.pdf"
"Norwood","22058","Sub Post Office","Nuwara Eliya",,,"https://slpost.gov.lk/wp-content/uploads/2022/11/POST-CODE-BOOK-.pdf"
"Nugagolla","21534","Sub Post Office","Matale",,,"https://slpost.gov.lk/wp-content/uploads/2022/11/POST-CODE-BOOK-.pdf"
"Nugaliyadda","20204","Sub Post Office","Kandy",,,"https://slpost.gov.lk/wp-content/uploads/2022/11/POST-CODE-BOOK-.pdf"
"Nugatalawa","90216","Sub Post Office","Badulla",,,"https://slpost.gov.lk/wp-content/uploads/2022/11/POST-CODE-BOOK-.pdf"
"Nugawela","20072","Sub Post Office","Kandy",,,"https://slpost.gov.lk/wp-content/uploads/2022/11/POST-CODE-BOOK-.pdf"
"Nugegoda","10250","Post Office","Colombo",,,"https://slpost.gov.lk/wp-content/uploads/2022/11/POST-CODE-BOOK-.pdf"
"Nuwara Eliya","22200","Post Office","Nuwara Eliya",,,"https://slpost.gov.lk/wp-content/uploads/2022/11/POST-CODE-BOOK-.pdf"
"Nuwaragala","51039","Sub Post Office","Polonnaruwa",,,"https://slpost.gov.lk/wp-content/uploads/2022/11/POST-CODE-BOOK-.pdf"
"Obbegoda","91007","Sub Post Office","Moneragala",,,"https://slpost.gov.lk/wp-content/uploads/2022/11/POST-CODE-BOOK-.pdf"
"Oddamavadi","30420","Post Office","Batticaloa",,,"https://slpost.gov.lk/wp-content/uploads/2022/11/POST-CODE-BOOK-.pdf"
"Oddusuddan","42200","Post Office","Mullaitivu",,,"https://slpost.gov.lk/wp-content/uploads/2022/11/POST-CODE-BOOK-.pdf"
"Ohiya","90168","Sub Post Office","Badulla",,,"https://slpost.gov.lk/wp-content/uploads/2022/11/POST-CODE-BOOK-.pdf"
"Okkampitiya","91060","Post Office","Moneragala",,,"https://slpost.gov.lk/wp-content/uploads/2022/11/POST-CODE-BOOK-.pdf"
"Oluwil","32360","Post Office",,,,"https://slpost.gov.lk/wp-content/uploads/2022/11/POST-CODE-BOOK-.pdf"
"Omalpe","70215","Sub Post Office","Ratnapura",,,"https://slpost.gov.lk/wp-content/uploads/2022/11/POST-CODE-BOOK-.pdf"
"Omanthai","43050","Sub Post Office","Vavuniya",,,"https://slpost.gov.lk/wp-content/uploads/2022/11/POST-CODE-BOOK-.pdf"
"Onegama","51004","Sub Post Office","Polonnaruwa",,,"https://slpost.gov.lk/wp-content/uploads/2022/11/POST-CODE-BOOK-.pdf"
"Opalgala","21076","Sub Post Office","Matale",,,"https://slpost.gov.lk/wp-content/uploads/2022/11/POST-CODE-BOOK-.pdf"
"Opanayake","70080","Post Office","Ratnapura",,,"https://slpost.gov.lk/wp-content/uploads/2022/11/POST-CODE-BOOK-.pdf"
"Opatha","80142","Sub Post Office","Galle",,,"https://slpost.gov.lk/wp-content/uploads/2022/11/POST-CODE-BOOK-.pdf"
"Orubendisiyambalawa","51256","Sub Post Office","Polonnaruwa",,,"https://slpost.gov.lk/wp-content/uploads/2022/11/POST-CODE-BOOK-.pdf"
"Ovilikanda","21020","Post Office","Matale",,,"https://slpost.gov.lk/wp-content/uploads/2022/11/POST-CODE-BOOK-.pdf"
"P.P.Potkerny","41045","Sub Post Office","Mannar",,,"https://slpost.gov.lk/wp-content/uploads/2022/11/POST-CODE-BOOK-.pdf"
"Padagoda","12074","Sub Post Office","Kalutara",,,"https://slpost.gov.lk/wp-content/uploads/2022/11/POST-CODE-BOOK-.pdf"
"Padalangala","70230","Post Office","Ratnapura",,,"https://slpost.gov.lk/wp-content/uploads/2022/11/POST-CODE-BOOK-.pdf"
"Padavi Maithripura","50572","Sub Post Office","Anuradhapura",,,"https://slpost.gov.lk/wp-content/uploads/2022/11/POST-CODE-BOOK-.pdf"
"Padavi Parakramapura","50582","Sub Post Office","Anuradhapura",,,"https://slpost.gov.lk/wp-content/uploads/2022/11/POST-CODE-BOOK-.pdf"
"Padavi Sri tissapura","50588","Sub Post Office","Anuradhapura",,,"https://slpost.gov.lk/wp-content/uploads/2022/11/POST-CODE-BOOK-.pdf"
"Padavi Sripura","50587","Sub Post Office","Anuradhapura",,,"https://slpost.gov.lk/wp-content/uploads/2022/11/POST-CODE-BOOK-.pdf"
"Padaviya","50570","Post Office","Anuradhapura",,,"https://slpost.gov.lk/wp-content/uploads/2022/11/POST-CODE-BOOK-.pdf"
"Padawkema","82636","Sub Post Office","Hambantota",,,"https://slpost.gov.lk/wp-content/uploads/2022/11/POST-CODE-BOOK-.pdf"
"Padeniya","60461","Sub Post Office","Kurunegala",,,"https://slpost.gov.lk/wp-content/uploads/2022/11/POST-CODE-BOOK-.pdf"
"Padikaramaduwa","50338","Sub Post Office","Anuradhapura",,,"https://slpost.gov.lk/wp-content/uploads/2022/11/POST-CODE-BOOK-.pdf"
"Padiwela","60236","Sub Post Office","Kurunegala",,,"https://slpost.gov.lk/wp-content/uploads/2022/11/POST-CODE-BOOK-.pdf"
"Padiyapelella","22750","Post Office","Nuwara Eliya",,,"https://slpost.gov.lk/wp-content/uploads/2022/11/POST-CODE-BOOK-.pdf"
"Padiyatalawa","32100","Post Office","Ampara",,,"https://slpost.gov.lk/wp-content/uploads/2022/11/POST-CODE-BOOK-.pdf"
"Padukka","10500","Post Office","Colombo",,,"https://slpost.gov.lk/wp-content/uploads/2022/11/POST-CODE-BOOK-.pdf"
"Pahala Andarawewa","82008","Sub Post Office","Hambantota",,,"https://slpost.gov.lk/wp-content/uploads/2022/11/POST-CODE-BOOK-.pdf"
"Pahala Diyadora","60193","Sub Post Office","Kurunegala",,,"https://slpost.gov.lk/wp-content/uploads/2022/11/POST-CODE-BOOK-.pdf"
"Pahala Halmillewa","50206","Sub Post Office","Anuradhapura",,,"https://slpost.gov.lk/wp-content/uploads/2022/11/POST-CODE-BOOK-.pdf"
"Pahala Maragahawewa","50220","Post Office","Anuradhapura",,,"https://slpost.gov.lk/wp-content/uploads/2022/11/POST-CODE-BOOK-.pdf"
"Pahala Millawa","81472","Sub Post Office","Matara",,,"https://slpost.gov.lk/wp-content/uploads/2022/11/POST-CODE-BOOK-.pdf"
"Pahalagama","50244","Sub Post Office","Anuradhapura",,,"https://slpost.gov.lk/wp-content/uploads/2022/11/POST-CODE-BOOK-.pdf"
"Pahalagiribawa","60735","Sub Post Office","Kurunegala",,,"https://slpost.gov.lk/wp-content/uploads/2022/11/POST-CODE-BOOK-.pdf"
"Pahalahewessa","12144","Sub Post Office","Kalutara",,,"https://slpost.gov.lk/wp-content/uploads/2022/11/POST-CODE-BOOK-.pdf"
"Pahalalanda","32034","Sub Post Office","Ampara",,,"https://slpost.gov.lk/wp-content/uploads/2022/11/POST-CODE-BOOK-.pdf"
"Pahalarathkinda","90756","Sub Post Office","Badulla",,,"https://slpost.gov.lk/wp-content/uploads/2022/11/POST-CODE-BOOK-.pdf"
"Pahamune","60112","Sub Post Office","Kurunegala",,,"https://slpost.gov.lk/wp-content/uploads/2022/11/POST-CODE-BOOK-.pdf"
"Paiyagala","12050","Post Office","Kalutara",,,"https://slpost.gov.lk/wp-content/uploads/2022/11/POST-CODE-BOOK-.pdf"
"Palagala","50111","Sub Post Office","Anuradhapura",,,"https://slpost.gov.lk/wp-content/uploads/2022/11/POST-CODE-BOOK-.pdf"
"Palamoddai","43065","Sub Post Office","Vavuniya",,,"https://slpost.gov.lk/wp-content/uploads/2022/11/POST-CODE-BOOK-.pdf"
"Palampiddy","41015","Sub Post Office","Mannar",,,"https://slpost.gov.lk/wp-content/uploads/2022/11/POST-CODE-BOOK-.pdf"
"Palamunai","32354","Post Office",,,,"https://slpost.gov.lk/wp-content/uploads/2022/11/POST-CODE-BOOK-.pdf"
"Palapathwala","21070","Post Office","Matale",,,"https://slpost.gov.lk/wp-content/uploads/2022/11/POST-CODE-BOOK-.pdf"
"Palatuwa","81050","Post Office","Matara",,,"https://slpost.gov.lk/wp-content/uploads/2022/11/POST-CODE-BOOK-.pdf"
"Palaviya","61280","Post Office","Puttalam",,,"https://slpost.gov.lk/wp-content/uploads/2022/11/POST-CODE-BOOK-.pdf"
"Paleegala","70607","Sub Post Office","Ratnapura",,,"https://slpost.gov.lk/wp-content/uploads/2022/11/POST-CODE-BOOK-.pdf"
"Pallai","42550","Post Office","Kilinochchi",,,"https://slpost.gov.lk/wp-content/uploads/2022/11/POST-CODE-BOOK-.pdf"
"Pallama","61040","Post Office","Puttalam",,,"https://slpost.gov.lk/wp-content/uploads/2022/11/POST-CODE-BOOK-.pdf"
"Pallavarayankaddu","42615","Sub Post Office","Kilinochchi",,,"https://slpost.gov.lk/wp-content/uploads/2022/11/POST-CODE-BOOK-.pdf"
"Pallebedda","70170","Post Office","Ratnapura",,,"https://slpost.gov.lk/wp-content/uploads/2022/11/POST-CODE-BOOK-.pdf"
"Pallebowala","20734","Sub Post Office","Kandy",,,"https://slpost.gov.lk/wp-content/uploads/2022/11/POST-CODE-BOOK-.pdf"
"Pallekanda","82454","Sub Post Office","Hambantota",,,"https://slpost.gov.lk/wp-content/uploads/2022/11/POST-CODE-BOOK-.pdf"
"Pallekiruwa","90534","Sub Post Office","Badulla",,,"https://slpost.gov.lk/wp-content/uploads/2022/11/POST-CODE-BOOK-.pdf"
"Pallekotuwa","20084","Sub Post Office","Kandy",,,"https://slpost.gov.lk/wp-content/uploads/2022/11/POST-CODE-BOOK-.pdf"
"Pallepola","21152","Post Office","Matale",,,"https://slpost.gov.lk/wp-content/uploads/2022/11/POST-CODE-BOOK-.pdf"
"Pallewela","11150","Post Office","Gampaha",,,"https://slpost.gov.lk/wp-content/uploads/2022/11/POST-CODE-BOOK-.pdf"
"Palliwasalturai","61354","Sub Post Office","Puttalam",,,"https://slpost.gov.lk/wp-content/uploads/2022/11/POST-CODE-BOOK-.pdf"
"Palugahawela","70161","Sub Post Office","Ratnapura",,,"https://slpost.gov.lk/wp-content/uploads/2022/11/POST-CODE-BOOK-.pdf"
"Palugasdamana","51046","Sub Post Office","Polonnaruwa",,,"https://slpost.gov.lk/wp-content/uploads/2022/11/POST-CODE-BOOK-.pdf"
"Palugaswewa","50144","Sub Post Office","Anuradhapura",,,"https://slpost.gov.lk/wp-content/uploads/2022/11/POST-CODE-BOOK-.pdf"
"Palugolla","60726","Sub Post Office","Kurunegala",,,"https://slpost.gov.lk/wp-content/uploads/2022/11/POST-CODE-BOOK-.pdf"
"Palukadawala","60704","Sub Post Office","Kurunegala",,,"https://slpost.gov.lk/wp-content/uploads/2022/11/POST-CODE-BOOK-.pdf"
"Pambagolla","70133","Sub Post Office","Ratnapura",,,"https://slpost.gov.lk/wp-content/uploads/2022/11/POST-CODE-BOOK-.pdf"
"Pampaimadu","43135","Sub Post Office","Vavuniya",,,"https://slpost.gov.lk/wp-content/uploads/2022/11/POST-CODE-BOOK-.pdf"
"Pamunugama","11370","Post Office","Gampaha",,,"https://slpost.gov.lk/wp-content/uploads/2022/11/POST-CODE-BOOK-.pdf"
"Pamunuwatta","11214","Sub Post Office","Gampaha",,,"https://slpost.gov.lk/wp-content/uploads/2022/11/POST-CODE-BOOK-.pdf"
"Panadaragama","60348","Sub Post Office","Kurunegala",,,"https://slpost.gov.lk/wp-content/uploads/2022/11/POST-CODE-BOOK-.pdf"
"Panadura","12500","Post Office","Kalutara",,,"https://slpost.gov.lk/wp-content/uploads/2022/11/POST-CODE-BOOK-.pdf"
"Panagamuwa","60052","Sub Post Office","Kurunegala",,,"https://slpost.gov.lk/wp-content/uploads/2022/11/POST-CODE-BOOK-.pdf"
"Panakaduwa","81075","Sub Post Office","Matara",,,"https://slpost.gov.lk/wp-content/uploads/2022/11/POST-CODE-BOOK-.pdf"
"Panaliya","60312","Sub Post Office","Kurunegala",,,"https://slpost.gov.lk/wp-content/uploads/2022/11/POST-CODE-BOOK-.pdf"
"Panama","32508","Sub Post Office",,,,"https://slpost.gov.lk/wp-content/uploads/2022/11/POST-CODE-BOOK-.pdf"
"Panamura","70218","Sub Post Office","Ratnapura",,,"https://slpost.gov.lk/wp-content/uploads/2022/11/POST-CODE-BOOK-.pdf"
"Panangala","80075","Sub Post Office","Galle",,,"https://slpost.gov.lk/wp-content/uploads/2022/11/POST-CODE-BOOK-.pdf"
"Panapitiya","70152","Sub Post Office","Ratnapura",,,"https://slpost.gov.lk/wp-content/uploads/2022/11/POST-CODE-BOOK-.pdf"
"Panapola","70461","Sub Post Office","Ratnapura",,,"https://slpost.gov.lk/wp-content/uploads/2022/11/POST-CODE-BOOK-.pdf"
"Panawala","70612","Sub Post Office","Ratnapura",,,"https://slpost.gov.lk/wp-content/uploads/2022/11/POST-CODE-BOOK-.pdf"
"Pandaterippu","40100","Post Office","Jaffna",,,"https://slpost.gov.lk/wp-content/uploads/2022/11/POST-CODE-BOOK-.pdf"
"Pandukabayapura","50448","Sub Post Office","Anuradhapura",,,"https://slpost.gov.lk/wp-content/uploads/2022/11/POST-CODE-BOOK-.pdf"
"Pandulagama","50029","Sub Post Office","Anuradhapura",,,"https://slpost.gov.lk/wp-content/uploads/2022/11/POST-CODE-BOOK-.pdf"
"Pangaragammana","90731","Sub Post Office","Badulla",,,"https://slpost.gov.lk/wp-content/uploads/2022/11/POST-CODE-BOOK-.pdf"
"Pangura","91002","Sub Post Office","Moneragala",,,"https://slpost.gov.lk/wp-content/uploads/2022/11/POST-CODE-BOOK-.pdf"
"Panichankerni","30444","Sub Post Office","Batticaloa",,,"https://slpost.gov.lk/wp-content/uploads/2022/11/POST-CODE-BOOK-.pdf"
"Panirendawa","61234","Sub Post Office","Puttalam",,,"https://slpost.gov.lk/wp-content/uploads/2022/11/POST-CODE-BOOK-.pdf"
"Paniyankadawala","50009","Sub Post Office","Anuradhapura",,,"https://slpost.gov.lk/wp-content/uploads/2022/11/POST-CODE-BOOK-.pdf"
"Pankudavely","30352","Sub Post Office","Batticaloa",,,"https://slpost.gov.lk/wp-content/uploads/2022/11/POST-CODE-BOOK-.pdf"
"Pankulam","31034","Sub Post Office","Trincomalee",,,"https://slpost.gov.lk/wp-content/uploads/2022/11/POST-CODE-BOOK-.pdf"
"Panliyadda","60558","Sub Post Office","Kurunegala",,,"https://slpost.gov.lk/wp-content/uploads/2022/11/POST-CODE-BOOK-.pdf"
"Pannala","60160","Post Office","Kurunegala",,,"https://slpost.gov.lk/wp-content/uploads/2022/11/POST-CODE-BOOK-.pdf"
"Pannalagama","32022","Sub Post Office","Ampara",,,"https://slpost.gov.lk/wp-content/uploads/2022/11/POST-CODE-BOOK-.pdf"
"Pannila","12114","Sub Post Office","Kalutara",,,"https://slpost.gov.lk/wp-content/uploads/2022/11/POST-CODE-BOOK-.pdf"
"Pannimulla Panagoda","80086","Sub Post Office","Galle",,,"https://slpost.gov.lk/wp-content/uploads/2022/11/POST-CODE-BOOK-.pdf"
"Pannipitiya","10230","Post Office","Colombo",,,"https://slpost.gov.lk/wp-content/uploads/2022/11/POST-CODE-BOOK-.pdf"
"Pansiyagama","60554","Sub Post Office","Kurunegala",,,"https://slpost.gov.lk/wp-content/uploads/2022/11/POST-CODE-BOOK-.pdf"
"Panwila","20830","Post Office","Kandy",,,"https://slpost.gov.lk/wp-content/uploads/2022/11/POST-CODE-BOOK-.pdf"
"Panwilatenna","20544","Post Office","Kandy",,,"https://slpost.gov.lk/wp-content/uploads/2022/11/POST-CODE-BOOK-.pdf"
"Paradeka","20578","Sub Post Office","Kandy",,,"https://slpost.gov.lk/wp-content/uploads/2022/11/POST-CODE-BOOK-.pdf"
"Paragahadeniya","60071","Sub Post Office","Kurunegala",,,"https://slpost.gov.lk/wp-content/uploads/2022/11/POST-CODE-BOOK-.pdf"
"Paragahakele","32031","Sub Post Office","Ampara",,,"https://slpost.gov.lk/wp-content/uploads/2022/11/POST-CODE-BOOK-.pdf"
"Paragala","81474","Sub Post Office","Matara",,,"https://slpost.gov.lk/wp-content/uploads/2022/11/POST-CODE-BOOK-.pdf"
"Paragastota","12414","Sub Post Office","Kalutara",,,"https://slpost.gov.lk/wp-content/uploads/2022/11/POST-CODE-BOOK-.pdf"
"Paragoda","12302","Sub Post Office","Kalutara",,,"https://slpost.gov.lk/wp-content/uploads/2022/11/POST-CODE-BOOK-.pdf"
"Paraigama","12122","Sub Post Office","Kalutara",,,"https://slpost.gov.lk/wp-content/uploads/2022/11/POST-CODE-BOOK-.pdf"
"Parakaduwa","70550","Post Office","Ratnapura",,,"https://slpost.gov.lk/wp-content/uploads/2022/11/POST-CODE-BOOK-.pdf"
"Parakrama Samudraya","51016","Sub Post Office","Polonnaruwa",,,"https://slpost.gov.lk/wp-content/uploads/2022/11/POST-CODE-BOOK-.pdf"
"Parakumpura","50326","Sub Post Office","Anuradhapura",,,"https://slpost.gov.lk/wp-content/uploads/2022/11/POST-CODE-BOOK-.pdf"
"Parangiyawadiya","50354","Sub Post Office","Anuradhapura",,,"https://slpost.gov.lk/wp-content/uploads/2022/11/POST-CODE-BOOK-.pdf"
"Paranthan","42500","Post Office","Kilinochchi",,,"https://slpost.gov.lk/wp-content/uploads/2022/11/POST-CODE-BOOK-.pdf"
"Parapamulla","81322","Sub Post Office","Matara",,,"https://slpost.gov.lk/wp-content/uploads/2022/11/POST-CODE-BOOK-.pdf"
"Parape","71105","Sub Post Office","Kegalle",,,"https://slpost.gov.lk/wp-content/uploads/2022/11/POST-CODE-BOOK-.pdf"
"Parasangahawewa","50055","Sub Post Office","Anuradhapura",,,"https://slpost.gov.lk/wp-content/uploads/2022/11/POST-CODE-BOOK-.pdf"
"Pasarichchenai","32506","Sub Post Office",,,,"https://slpost.gov.lk/wp-content/uploads/2022/11/POST-CODE-BOOK-.pdf"
"Pasbage","20654","Sub Post Office","Kandy",,,"https://slpost.gov.lk/wp-content/uploads/2022/11/POST-CODE-BOOK-.pdf"
"Pasgoda","81615","Sub Post Office","Matara",,,"https://slpost.gov.lk/wp-content/uploads/2022/11/POST-CODE-BOOK-.pdf"
"Passara","90500","Post Office","Badulla",,,"https://slpost.gov.lk/wp-content/uploads/2022/11/POST-CODE-BOOK-.pdf"
"Pasyala","11890","Sub Post Office","Gampaha",,,"https://slpost.gov.lk/wp-content/uploads/2022/11/POST-CODE-BOOK-.pdf"
"Patana","22012","Sub Post Office","Nuwara Eliya",,,"https://slpost.gov.lk/wp-content/uploads/2022/11/POST-CODE-BOOK-.pdf"
"Pathanewatta","90071","Sub Post Office","Badulla",,,"https://slpost.gov.lk/wp-content/uploads/2022/11/POST-CODE-BOOK-.pdf"
"Patitalawa","20511","Sub Post Office","Kandy",,,"https://slpost.gov.lk/wp-content/uploads/2022/11/POST-CODE-BOOK-.pdf"
"Pattampitiya","71130","Post Office","Kegalle",,,"https://slpost.gov.lk/wp-content/uploads/2022/11/POST-CODE-BOOK-.pdf"
"Pattiya Watta","20118","Sub Post Office","Kandy",,,"https://slpost.gov.lk/wp-content/uploads/2022/11/POST-CODE-BOOK-.pdf"
"Pavatkulam","43105","Sub Post Office","Vavuniya",,,"https://slpost.gov.lk/wp-content/uploads/2022/11/POST-CODE-BOOK-.pdf"
"Pebotuwa","70045","Sub Post Office","Ratnapura",,,"https://slpost.gov.lk/wp-content/uploads/2022/11/POST-CODE-BOOK-.pdf"
"Pelanda","12214","Sub Post Office","Kalutara",,,"https://slpost.gov.lk/wp-content/uploads/2022/11/POST-CODE-BOOK-.pdf"
"Pelatiyawa","51033","Sub Post Office","Polonnaruwa",,,"https://slpost.gov.lk/wp-content/uploads/2022/11/POST-CODE-BOOK-.pdf"
"Pelawatta","12138","Sub Post Office","Kalutara",,,"https://slpost.gov.lk/wp-content/uploads/2022/11/POST-CODE-BOOK-.pdf"
"Pelawatta Tea.Project","12146","Sub Post Office","Kalutara",,,"https://slpost.gov.lk/wp-content/uploads/2022/11/POST-CODE-BOOK-.pdf"
"Pelgahatenna","90522","Post Office","Badulla",,,"https://slpost.gov.lk/wp-content/uploads/2022/11/POST-CODE-BOOK-.pdf"
"Peliyagoda","11830","Sub Post Office","Gampaha",,,"https://slpost.gov.lk/wp-content/uploads/2022/11/POST-CODE-BOOK-.pdf"
"Pelmadulla","70070","Post Office","Ratnapura",,,"https://slpost.gov.lk/wp-content/uploads/2022/11/POST-CODE-BOOK-.pdf"
"Pelwadiya","70053","Sub Post Office","Ratnapura",,,"https://slpost.gov.lk/wp-content/uploads/2022/11/POST-CODE-BOOK-.pdf"
"Pelwehera","21105","Sub Post Office","Matale",,,"https://slpost.gov.lk/wp-content/uploads/2022/11/POST-CODE-BOOK-.pdf"
"Pemaduwa","50020","Post Office","Anuradhapura",,,"https://slpost.gov.lk/wp-content/uploads/2022/11/POST-CODE-BOOK-.pdf"
"Penetiyana","81722","Sub Post Office","Matara",,,"https://slpost.gov.lk/wp-content/uploads/2022/11/POST-CODE-BOOK-.pdf"
"Pepiliyawala","11741","Sub Post Office","Gampaha",,,"https://slpost.gov.lk/wp-content/uploads/2022/11/POST-CODE-BOOK-.pdf"
"Peradeniya","20400","Post Office","Kandy",,,"https://slpost.gov.lk/wp-content/uploads/2022/11/POST-CODE-BOOK-.pdf"
"Perakanatta","21532","Sub Post Office","Matale",,,"https://slpost.gov.lk/wp-content/uploads/2022/11/POST-CODE-BOOK-.pdf"
"Perawella","90222","Sub Post Office","Badulla",,,"https://slpost.gov.lk/wp-content/uploads/2022/11/POST-CODE-BOOK-.pdf"
"Perimiyankulama","50004","Sub Post Office","Anuradhapura",,,"https://slpost.gov.lk/wp-content/uploads/2022/11/POST-CODE-BOOK-.pdf"
"Periyakadunelawa","60518","Sub Post Office","Kurunegala",,,"https://slpost.gov.lk/wp-content/uploads/2022/11/POST-CODE-BOOK-.pdf"
"Periyakunchukkulam","41025","Sub Post Office","Mannar",,,"https://slpost.gov.lk/wp-content/uploads/2022/11/POST-CODE-BOOK-.pdf"
"Periyamadu","41170","Sub Post Office","Mannar",,,"https://slpost.gov.lk/wp-content/uploads/2022/11/POST-CODE-BOOK-.pdf"
"Periyaneelavanai","32316","Sub Post Office",,,,"https://slpost.gov.lk/wp-content/uploads/2022/11/POST-CODE-BOOK-.pdf"
"Periyaporativu","30230","Post Office","Batticaloa",,,"https://slpost.gov.lk/wp-content/uploads/2022/11/POST-CODE-BOOK-.pdf"
"Periyapullumalai","30358","Sub Post Office","Batticaloa",,,"https://slpost.gov.lk/wp-content/uploads/2022/11/POST-CODE-BOOK-.pdf"
"Periyathampanai","43145","Sub Post Office","Vavuniya",,,"https://slpost.gov.lk/wp-content/uploads/2022/11/POST-CODE-BOOK-.pdf"
"Periyaulukkulam","43110","Sub Post Office","Vavuniya",,,"https://slpost.gov.lk/wp-content/uploads/2022/11/POST-CODE-BOOK-.pdf"
"Pesalai","41210","Post Office","Mannar",,,"https://slpost.gov.lk/wp-content/uploads/2022/11/POST-CODE-BOOK-.pdf"
"Pethiyagoda","11043","Sub Post Office","Gampaha",,,"https://slpost.gov.lk/wp-content/uploads/2022/11/POST-CODE-BOOK-.pdf"
"Pihimbiya Ratmale","60439","Sub Post Office","Kurunegala",,,"https://slpost.gov.lk/wp-content/uploads/2022/11/POST-CODE-BOOK-.pdf"
"Pihimbiyagollewa","50512","Sub Post Office","Anuradhapura",,,"https://slpost.gov.lk/wp-content/uploads/2022/11/POST-CODE-BOOK-.pdf"
"Pihimbuwa","60053","Sub Post Office","Kurunegala",,,"https://slpost.gov.lk/wp-content/uploads/2022/11/POST-CODE-BOOK-.pdf"
"Pilawala","20196","Sub Post Office","Kandy",,,"https://slpost.gov.lk/wp-content/uploads/2022/11/POST-CODE-BOOK-.pdf"
"Pilessa","60058","Sub Post Office","Kurunegala",,,"https://slpost.gov.lk/wp-content/uploads/2022/11/POST-CODE-BOOK-.pdf"
"Pilimatalawa","20450","Post Office","Kandy",,,"https://slpost.gov.lk/wp-content/uploads/2022/11/POST-CODE-BOOK-.pdf"
"Piliyandala","10300","Post Office","Colombo",,,"https://slpost.gov.lk/wp-content/uploads/2022/11/POST-CODE-BOOK-.pdf"
"Pillaiyaradi","30022","Sub Post Office","Batticaloa",,,"https://slpost.gov.lk/wp-content/uploads/2022/11/POST-CODE-BOOK-.pdf"
"Pimbura","70472","Sub Post Office","Ratnapura",,,"https://slpost.gov.lk/wp-content/uploads/2022/11/POST-CODE-BOOK-.pdf"
"Pimburattewa","51102","Sub Post Office","Polonnaruwa",,,"https://slpost.gov.lk/wp-content/uploads/2022/11/POST-CODE-BOOK-.pdf"
"Pinnawala","70130","Post Office","Ratnapura",,,"https://slpost.gov.lk/wp-content/uploads/2022/11/POST-CODE-BOOK-.pdf"
"Pitabeddara","81450","Post Office","Matara",,,"https://slpost.gov.lk/wp-content/uploads/2022/11/POST-CODE-BOOK-.pdf"
"Pitagaldeniya","71360","Post Office","Kegalle",,,"https://slpost.gov.lk/wp-content/uploads/2022/11/POST-CODE-BOOK-.pdf"
"Pitakumbura","91505","Sub Post Office","Moneragala",,,"https://slpost.gov.lk/wp-content/uploads/2022/11/POST-CODE-BOOK-.pdf"
"Pitamaruwa","90544","Sub Post Office","Badulla",,,"https://slpost.gov.lk/wp-content/uploads/2022/11/POST-CODE-BOOK-.pdf"
"Pitapola","90171","Sub Post Office","Badulla",,,"https://slpost.gov.lk/wp-content/uploads/2022/11/POST-CODE-BOOK-.pdf"
"Pitawala","22682","Sub Post Office","Nuwara Eliya",,,"https://slpost.gov.lk/wp-content/uploads/2022/11/POST-CODE-BOOK-.pdf"
"Pitigala","80420","Post Office","Galle",,,"https://slpost.gov.lk/wp-content/uploads/2022/11/POST-CODE-BOOK-.pdf"
"Pitipana Homagama","10206","Sub Post Office","Colombo",,,"https://slpost.gov.lk/wp-content/uploads/2022/11/POST-CODE-BOOK-.pdf"
"Poddala","80170","Post Office","Galle",,,"https://slpost.gov.lk/wp-content/uploads/2022/11/POST-CODE-BOOK-.pdf"
"Poholiyadda","20106","Sub Post Office","Kandy",,,"https://slpost.gov.lk/wp-content/uploads/2022/11/POST-CODE-BOOK-.pdf"
"Pohorabawa","70562","Sub Post Office","Ratnapura",,,"https://slpost.gov.lk/wp-content/uploads/2022/11/POST-CODE-BOOK-.pdf"
"Point Pedro","40600","Post Office","Jaffna",,,"https://slpost.gov.lk/wp-content/uploads/2022/11/POST-CODE-BOOK-.pdf"
"Pokunuwita","12404","Post Office","Kalutara",,,"https://slpost.gov.lk/wp-content/uploads/2022/11/POST-CODE-BOOK-.pdf"
"Polgahawela","60300","Post Office","Kurunegala",,,"https://slpost.gov.lk/wp-content/uploads/2022/11/POST-CODE-BOOK-.pdf"
"Polgampola","12136","Sub Post Office","Kalutara",,,"https://slpost.gov.lk/wp-content/uploads/2022/11/POST-CODE-BOOK-.pdf"
"Polgasowita","10320","Post Office","Colombo",,,"https://slpost.gov.lk/wp-content/uploads/2022/11/POST-CODE-BOOK-.pdf"
"Polgolla","20250","Post Office","Kandy",,,"https://slpost.gov.lk/wp-content/uploads/2022/11/POST-CODE-BOOK-.pdf"
"Polonnaruwa","51000","Post Office","Polonnaruwa",,,"https://slpost.gov.lk/wp-content/uploads/2022/11/POST-CODE-BOOK-.pdf"
"Polpithimukulana","11324","Sub Post Office","Gampaha",,,"https://slpost.gov.lk/wp-content/uploads/2022/11/POST-CODE-BOOK-.pdf"
"Polpitigama","60620","Post Office","Kurunegala",,,"https://slpost.gov.lk/wp-content/uploads/2022/11/POST-CODE-BOOK-.pdf"
"Polwaga Janapadaya","32032","Sub Post Office","Ampara",,,"https://slpost.gov.lk/wp-content/uploads/2022/11/POST-CODE-BOOK-.pdf"
"Ponparappi","61307","Sub Post Office","Puttalam",,,"https://slpost.gov.lk/wp-content/uploads/2022/11/POST-CODE-BOOK-.pdf"
"Poonagala","90107","Sub Post Office","Badulla",,,"https://slpost.gov.lk/wp-content/uploads/2022/11/POST-CODE-BOOK-.pdf"
"Poonakary Nallur","42606","Sub Post Office","Kilinochchi",,,"https://slpost.gov.lk/wp-content/uploads/2022/11/POST-CODE-BOOK-.pdf"
"Poppitiya","20951","Sub Post Office","Kandy",,,"https://slpost.gov.lk/wp-content/uploads/2022/11/POST-CODE-BOOK-.pdf"
"Porawagama","80408","Sub Post Office","Galle",,,"https://slpost.gov.lk/wp-content/uploads/2022/11/POST-CODE-BOOK-.pdf"
"Poruwedanda","12432","Post Office","Kalutara",,,"https://slpost.gov.lk/wp-content/uploads/2022/11/POST-CODE-BOOK-.pdf"
"Pothdeniya","81538","Sub Post Office","Matara",,,"https://slpost.gov.lk/wp-content/uploads/2022/11/POST-CODE-BOOK-.pdf"
"Poththapitiya","20312","Sub Post Office","Kandy",,,"https://slpost.gov.lk/wp-content/uploads/2022/11/POST-CODE-BOOK-.pdf"
"Pothuhera","60330","Post Office","Kurunegala",,,"https://slpost.gov.lk/wp-content/uploads/2022/11/POST-CODE-BOOK-.pdf"
"Pothukoladeniya","71039","Sub Post Office","Kegalle",,,"https://slpost.gov.lk/wp-content/uploads/2022/11/POST-CODE-BOOK-.pdf"
"Pothupitiya","70338","Sub Post Office","Ratnapura",,,"https://slpost.gov.lk/wp-content/uploads/2022/11/POST-CODE-BOOK-.pdf"
"Pothuwatawana","61162","Sub Post Office","Puttalam",,,"https://slpost.gov.lk/wp-content/uploads/2022/11/POST-CODE-BOOK-.pdf"
"Pottuvil","32500","Post Office",,,,"https://slpost.gov.lk/wp-content/uploads/2022/11/POST-CODE-BOOK-.pdf"
"Pubbiliya","21502","Sub Post Office","Matale",,,"https://slpost.gov.lk/wp-content/uploads/2022/11/POST-CODE-BOOK-.pdf"
"Pubbogama","50122","Sub Post Office","Anuradhapura",,,"https://slpost.gov.lk/wp-content/uploads/2022/11/POST-CODE-BOOK-.pdf"
"Pugoda","10660","Post Office","Gampaha",,,"https://slpost.gov.lk/wp-content/uploads/2022/11/POST-CODE-BOOK-.pdf"
"Puhulpola","90212","Sub Post Office","Badulla",,,"https://slpost.gov.lk/wp-content/uploads/2022/11/POST-CODE-BOOK-.pdf"
"Puhulwella","81290","Post Office","Matara",,,"https://slpost.gov.lk/wp-content/uploads/2022/11/POST-CODE-BOOK-.pdf"
"Pujapitiya","20112","Post Office","Kandy",,,"https://slpost.gov.lk/wp-content/uploads/2022/11/POST-CODE-BOOK-.pdf"
"Pulastigama","51050","Post Office","Polonnaruwa",,,"https://slpost.gov.lk/wp-content/uploads/2022/11/POST-CODE-BOOK-.pdf"
"Puliyampokkanai","42509","Sub Post Office","Kilinochchi",,,"https://slpost.gov.lk/wp-content/uploads/2022/11/POST-CODE-BOOK-.pdf"
"Puliyankadawala","50328","Sub Post Office","Anuradhapura",,,"https://slpost.gov.lk/wp-content/uploads/2022/11/POST-CODE-BOOK-.pdf"
"Puliyankulam","43070","Sub Post Office","Vavuniya",,,"https://slpost.gov.lk/wp-content/uploads/2022/11/POST-CODE-BOOK-.pdf"
"Puliyawaththa","22051","Sub Post Office","Nuwara Eliya",,,"https://slpost.gov.lk/wp-content/uploads/2022/11/POST-CODE-BOOK-.pdf"
"Pulmoddai","31017","Post Office","Trincomalee",,,"https://slpost.gov.lk/wp-content/uploads/2022/11/POST-CODE-BOOK-.pdf"
"Puloly","40615","Sub Post Office","Jaffna",,,"https://slpost.gov.lk/wp-content/uploads/2022/11/POST-CODE-BOOK-.pdf"
"Punakary","42600","Post Office","Kilinochchi",,,"https://slpost.gov.lk/wp-content/uploads/2022/11/POST-CODE-BOOK-.pdf"
"Punanai","30428","Sub Post Office","Batticaloa",,,"https://slpost.gov.lk/wp-content/uploads/2022/11/POST-CODE-BOOK-.pdf"
"Pundaluoya","22120","Post Office","Nuwara Eliya",,,"https://slpost.gov.lk/wp-content/uploads/2022/11/POST-CODE-BOOK-.pdf"
"Punewa","50506","Sub Post Office","Anuradhapura",,,"https://slpost.gov.lk/wp-content/uploads/2022/11/POST-CODE-BOOK-.pdf"
"Punguduthivu","40330","Post Office","Jaffna",,,"https://slpost.gov.lk/wp-content/uploads/2022/11/POST-CODE-BOOK-.pdf"
"Pupuressa","20546","Sub Post Office","Kandy",,,"https://slpost.gov.lk/wp-content/uploads/2022/11/POST-CODE-BOOK-.pdf"
"Pussellawa","20580","Post Office","Kandy",,,"https://slpost.gov.lk/wp-content/uploads/2022/11/POST-CODE-BOOK-.pdf"
"Puswelitenna","60072","Sub Post Office","Kurunegala",,,"https://slpost.gov.lk/wp-content/uploads/2022/11/POST-CODE-BOOK-.pdf"
"Puthukkudiyiruppu","42530","Post Office","Mullaitivu",,,"https://slpost.gov.lk/wp-content/uploads/2022/11/POST-CODE-BOOK-.pdf"
"Puthukudiyiruppu","30158","Sub Post Office","Batticaloa",,,"https://slpost.gov.lk/wp-content/uploads/2022/11/POST-CODE-BOOK-.pdf"
"Puthuvedduvan","42330","Sub Post Office","Mullaitivu",,,"https://slpost.gov.lk/wp-content/uploads/2022/11/POST-CODE-BOOK-.pdf"
"Puttalam Cement Factory","61326","Sub Post Office","Puttalam",,,"https://slpost.gov.lk/wp-content/uploads/2022/11/POST-CODE-BOOK-.pdf"
"Puttalam","61300","Post Office","Puttalam",,,"https://slpost.gov.lk/wp-content/uploads/2022/11/POST-CODE-BOOK-.pdf"
"Puttur","40158","Sub Post Office","Jaffna",,,"https://slpost.gov.lk/wp-content/uploads/2022/11/POST-CODE-BOOK-.pdf"
"Putuhapuwa","20906","Sub Post Office","Kandy",,,"https://slpost.gov.lk/wp-content/uploads/2022/11/POST-CODE-BOOK-.pdf"
"Puvarasankulam","43140","Sub Post Office","Vavuniya",,,"https://slpost.gov.lk/wp-content/uploads/2022/11/POST-CODE-BOOK-.pdf"
"Puwakpitiya","10712","Sub Post Office","Colombo",,,"https://slpost.gov.lk/wp-content/uploads/2022/11/POST-CODE-BOOK-.pdf"
"Radawadunna","11892","Sub Post Office","Gampaha",,,"https://slpost.gov.lk/wp-content/uploads/2022/11/POST-CODE-BOOK-.pdf"
"Radawana","11725","Sub Post Office","Gampaha",,,"https://slpost.gov.lk/wp-content/uploads/2022/11/POST-CODE-BOOK-.pdf"
"Radawela","81316","Sub Post Office","Matara",,,"https://slpost.gov.lk/wp-content/uploads/2022/11/POST-CODE-BOOK-.pdf"
"Raddolugama","11400","Post Office","Gampaha",,,"https://slpost.gov.lk/wp-content/uploads/2022/11/POST-CODE-BOOK-.pdf"
"Ragama","11010","Post Office","Gampaha",,,"https://slpost.gov.lk/wp-content/uploads/2022/11/POST-CODE-BOOK-.pdf"
"Rajagalatenna","32068","Sub Post Office","Ampara",,,"https://slpost.gov.lk/wp-content/uploads/2022/11/POST-CODE-BOOK-.pdf"
"Rajagiriya","10107","Post Office","Colombo",,,"https://slpost.gov.lk/wp-content/uploads/2022/11/POST-CODE-BOOK-.pdf"
"Rajakadaluwa","61242","Sub Post Office","Puttalam",,,"https://slpost.gov.lk/wp-content/uploads/2022/11/POST-CODE-BOOK-.pdf"
"Rajanganaya","50246","Sub Post Office","Anuradhapura",,,"https://slpost.gov.lk/wp-content/uploads/2022/11/POST-CODE-BOOK-.pdf"
"Rajawaka","70116","Sub Post Office","Ratnapura",,,"https://slpost.gov.lk/wp-content/uploads/2022/11/POST-CODE-BOOK-.pdf"
"Rajawella","20180","Post Office","Kandy",,,"https://slpost.gov.lk/wp-content/uploads/2022/11/POST-CODE-BOOK-.pdf"
"Rajgama","80260","Post Office","Galle",,,"https://slpost.gov.lk/wp-content/uploads/2022/11/POST-CODE-BOOK-.pdf"
"Rakwana","70300","Post Office","Ratnapura",,,"https://slpost.gov.lk/wp-content/uploads/2022/11/POST-CODE-BOOK-.pdf"
"Ramanathapuram","42408","Sub Post Office","Kilinochchi",,,"https://slpost.gov.lk/wp-content/uploads/2022/11/POST-CODE-BOOK-.pdf"
"Rambewa","50450","Sub Post Office","Anuradhapura",,,"https://slpost.gov.lk/wp-content/uploads/2022/11/POST-CODE-BOOK-.pdf"
"Ramboda","22590","Post Office","Nuwara Eliya",,,"https://slpost.gov.lk/wp-content/uploads/2022/11/POST-CODE-BOOK-.pdf"
"Rambukewela","20128","Sub Post Office","Kandy",,,"https://slpost.gov.lk/wp-content/uploads/2022/11/POST-CODE-BOOK-.pdf"
"Rambukkana","71100","Post Office","Kegalle",,,"https://slpost.gov.lk/wp-content/uploads/2022/11/POST-CODE-BOOK-.pdf"
"Rambukpitiya","20676","Sub Post Office","Kandy",,,"https://slpost.gov.lk/wp-content/uploads/2022/11/POST-CODE-BOOK-.pdf"
"Rambukpotha","82033","Sub Post Office","Badulla",,,"https://slpost.gov.lk/wp-content/uploads/2022/11/POST-CODE-BOOK-.pdf"
"Rammalawarapitiya","82554","Sub Post Office","Hambantota",,,"https://slpost.gov.lk/wp-content/uploads/2022/11/POST-CODE-BOOK-.pdf"
"Rampathwila","50386","Sub Post Office","Anuradhapura",,,"https://slpost.gov.lk/wp-content/uploads/2022/11/POST-CODE-BOOK-.pdf"
"Ranakeliya","82612","Sub Post Office","Hambantota",,,"https://slpost.gov.lk/wp-content/uploads/2022/11/POST-CODE-BOOK-.pdf"
"Ranala","10654","Sub Post Office","Colombo",,,"https://slpost.gov.lk/wp-content/uploads/2022/11/POST-CODE-BOOK-.pdf"
"Ranamuregama","21524","Sub Post Office","Matale",,,"https://slpost.gov.lk/wp-content/uploads/2022/11/POST-CODE-BOOK-.pdf"
"Randeniya","91204","Sub Post Office","Moneragala",,,"https://slpost.gov.lk/wp-content/uploads/2022/11/POST-CODE-BOOK-.pdf"
"Rangala","20922","Sub Post Office","Kandy",,,"https://slpost.gov.lk/wp-content/uploads/2022/11/POST-CODE-BOOK-.pdf"
"Ranjanagama","60095","Sub Post Office","Kurunegala",,,"https://slpost.gov.lk/wp-content/uploads/2022/11/POST-CODE-BOOK-.pdf"
"Ranmuduwewa","82018","Sub Post Office","Hambantota",,,"https://slpost.gov.lk/wp-content/uploads/2022/11/POST-CODE-BOOK-.pdf"
"Ranna","82125","Post Office","Hambantota",,,"https://slpost.gov.lk/wp-content/uploads/2022/11/POST-CODE-BOOK-.pdf"
"Ranorawa","50212","Sub Post Office","Anuradhapura",,,"https://slpost.gov.lk/wp-content/uploads/2022/11/POST-CODE-BOOK-.pdf"
"Ransegoda","81064","Sub Post Office","Matara",,,"https://slpost.gov.lk/wp-content/uploads/2022/11/POST-CODE-BOOK-.pdf"
"Rantembe","20990","Sub Post Office","Kandy",,,"https://slpost.gov.lk/wp-content/uploads/2022/11/POST-CODE-BOOK-.pdf"
"Rantotuvila","80354","Sub Post Office","Galle",,,"https://slpost.gov.lk/wp-content/uploads/2022/11/POST-CODE-BOOK-.pdf"
"Ranwala","70162","Sub Post Office","Ratnapura",,,"https://slpost.gov.lk/wp-content/uploads/2022/11/POST-CODE-BOOK-.pdf"
"Rassagala","70135","Sub Post Office","Ratnapura",,,"https://slpost.gov.lk/wp-content/uploads/2022/11/POST-CODE-BOOK-.pdf"
"Rathmalana","10390","Post Office","Colombo",,,"https://slpost.gov.lk/wp-content/uploads/2022/11/POST-CODE-BOOK-.pdf"
"Rathmalgahawewa","50514","Sub Post Office","Anuradhapura",,,"https://slpost.gov.lk/wp-content/uploads/2022/11/POST-CODE-BOOK-.pdf"
"Rathukohodigala","20818","Sub Post Office","Kandy",,,"https://slpost.gov.lk/wp-content/uploads/2022/11/POST-CODE-BOOK-.pdf"
"Ratkarawwa","90164","Sub Post Office","Badulla",,,"https://slpost.gov.lk/wp-content/uploads/2022/11/POST-CODE-BOOK-.pdf"
"Ratmale","81030","Post Office","Matara",,,"https://slpost.gov.lk/wp-content/uploads/2022/11/POST-CODE-BOOK-.pdf"
"Ratmalwala","82276","Sub Post Office","Hambantota",,,"https://slpost.gov.lk/wp-content/uploads/2022/11/POST-CODE-BOOK-.pdf"
"Ratna Hangamuwa","70036","Sub Post Office","Ratnapura",,,"https://slpost.gov.lk/wp-content/uploads/2022/11/POST-CODE-BOOK-.pdf"
"Ratnapura","70000","Post Office","Ratnapura",,,"https://slpost.gov.lk/wp-content/uploads/2022/11/POST-CODE-BOOK-.pdf"
"Rattota","21400","Post Office","Matale",,,"https://slpost.gov.lk/wp-content/uploads/2022/11/POST-CODE-BOOK-.pdf"
"Remunagoda","12009","Sub Post Office","Kalutara",,,"https://slpost.gov.lk/wp-content/uploads/2022/11/POST-CODE-BOOK-.pdf"
"Rideemaliyadda","90704","Sub Post Office","Badulla",,,"https://slpost.gov.lk/wp-content/uploads/2022/11/POST-CODE-BOOK-.pdf"
"Ridibendiella","60606","Sub Post Office","Kurunegala",,,"https://slpost.gov.lk/wp-content/uploads/2022/11/POST-CODE-BOOK-.pdf"
"Ridigama","60040","Post Office","Kurunegala",,,"https://slpost.gov.lk/wp-content/uploads/2022/11/POST-CODE-BOOK-.pdf"
"Rikillagaskada","20730","Post Office","Kandy",,,"https://slpost.gov.lk/wp-content/uploads/2022/11/POST-CODE-BOOK-.pdf"
"Rilpola","90026","Sub Post Office","Badulla",,,"https://slpost.gov.lk/wp-content/uploads/2022/11/POST-CODE-BOOK-.pdf"
"Rojarsangama","22672","Sub Post Office","Nuwara Eliya",,,"https://slpost.gov.lk/wp-content/uploads/2022/11/POST-CODE-BOOK-.pdf"
"Rotawewa","31038","Sub Post Office","Trincomalee",,,"https://slpost.gov.lk/wp-content/uploads/2022/11/POST-CODE-BOOK-.pdf"
"Rotumba","81074","Sub Post Office","Matara",,,"https://slpost.gov.lk/wp-content/uploads/2022/11/POST-CODE-BOOK-.pdf"
"Rozella","22008","Sub Post Office","Nuwara Eliya",,,"https://slpost.gov.lk/wp-content/uploads/2022/11/POST-CODE-BOOK-.pdf"
"Ruhunu Ridiyagama","82106","Sub Post Office","Hambantota",,,"https://slpost.gov.lk/wp-content/uploads/2022/11/POST-CODE-BOOK-.pdf"
"Ruhunugama","51112","Sub Post Office","Polonnaruwa",,,"https://slpost.gov.lk/wp-content/uploads/2022/11/POST-CODE-BOOK-.pdf"
"Rukgahavila","11142","Sub Post Office","Gampaha",,,"https://slpost.gov.lk/wp-content/uploads/2022/11/POST-CODE-BOOK-.pdf"
"Rukmale","11129","Sub Post Office","Gampaha",,,"https://slpost.gov.lk/wp-content/uploads/2022/11/POST-CODE-BOOK-.pdf"
"Rupaha","22245","Sub Post Office","Nuwara Eliya",,,"https://slpost.gov.lk/wp-content/uploads/2022/11/POST-CODE-BOOK-.pdf"
"Ruwalwela","91056","Sub Post Office","Moneragala",,,"https://slpost.gov.lk/wp-content/uploads/2022/11/POST-CODE-BOOK-.pdf"
"Ruwaneliya","22212","Sub Post Office","Nuwara Eliya",,,"https://slpost.gov.lk/wp-content/uploads/2022/11/POST-CODE-BOOK-.pdf"
"Ruwanwella","71300","Post Office","Kegalle",,,"https://slpost.gov.lk/wp-content/uploads/2022/11/POST-CODE-BOOK-.pdf"
"Sainthamaruthu","32280","Post Office",,,,"https://slpost.gov.lk/wp-content/uploads/2022/11/POST-CODE-BOOK-.pdf"
"Saliya Asokapura","60736","Sub Post Office","Kurunegala",,,"https://slpost.gov.lk/wp-content/uploads/2022/11/POST-CODE-BOOK-.pdf"
"Saliyapura","50008","Sub Post Office","Anuradhapura",,,"https://slpost.gov.lk/wp-content/uploads/2022/11/POST-CODE-BOOK-.pdf"
"Saliyawewa Junction","61324","Sub Post Office","Puttalam",,,"https://slpost.gov.lk/wp-content/uploads/2022/11/POST-CODE-BOOK-.pdf"
"Samanalawewa","70142","Sub Post Office","Ratnapura",,,"https://slpost.gov.lk/wp-content/uploads/2022/11/POST-CODE-BOOK-.pdf"
"Sammanthurai","32200","Post Office",,,,"https://slpost.gov.lk/wp-content/uploads/2022/11/POST-CODE-BOOK-.pdf"
"Sampaltivu","31006","Sub Post Office","Trincomalee",,,"https://slpost.gov.lk/wp-content/uploads/2022/11/POST-CODE-BOOK-.pdf"
"Sampoor","31216","Sub Post Office","Trincomalee",,,"https://slpost.gov.lk/wp-content/uploads/2022/11/POST-CODE-BOOK-.pdf"
"Sandalankawa","60176","Sub Post Office","Kurunegala",,,"https://slpost.gov.lk/wp-content/uploads/2022/11/POST-CODE-BOOK-.pdf"
"Sandasiri Dunuwila","20913","Sub Post Office","Kandy",,,"https://slpost.gov.lk/wp-content/uploads/2022/11/POST-CODE-BOOK-.pdf"
"Sandilipay","40098","Sub Post Office","Jaffna",,,"https://slpost.gov.lk/wp-content/uploads/2022/11/POST-CODE-BOOK-.pdf"
"Sangarajapura","20044","Sub Post Office","Kandy",,,"https://slpost.gov.lk/wp-content/uploads/2022/11/POST-CODE-BOOK-.pdf"
"Sasthirikoolankulam","43090","Sub Post Office","Vavuniya",,,"https://slpost.gov.lk/wp-content/uploads/2022/11/POST-CODE-BOOK-.pdf"
"Seaforth Colony","71708","Sub Post Office","Kegalle",,,"https://slpost.gov.lk/wp-content/uploads/2022/11/POST-CODE-BOOK-.pdf"
"Seeduwa","11410","Post Office","Gampaha",,,"https://slpost.gov.lk/wp-content/uploads/2022/11/POST-CODE-BOOK-.pdf"
"Seeppukulam","50380","Post Office","Anuradhapura",,,"https://slpost.gov.lk/wp-content/uploads/2022/11/POST-CODE-BOOK-.pdf"
"Seetha Eliya","22207","Sub Post Office","Nuwara Eliya",,,"https://slpost.gov.lk/wp-content/uploads/2022/11/POST-CODE-BOOK-.pdf"
"Seethawakapura","10700","Post Office","Colombo",,,"https://slpost.gov.lk/wp-content/uploads/2022/11/POST-CODE-BOOK-.pdf"
"Selagama","21058","Sub Post Office","Matale",,,"https://slpost.gov.lk/wp-content/uploads/2022/11/POST-CODE-BOOK-.pdf"
"Sella Kataragama","91405","Sub Post Office","Moneragala",,,"https://slpost.gov.lk/wp-content/uploads/2022/11/POST-CODE-BOOK-.pdf"
"Selweheragama","50263","Sub Post Office","Anuradhapura",,,"https://slpost.gov.lk/wp-content/uploads/2022/11/POST-CODE-BOOK-.pdf"
"Senapura","50284","Sub Post Office","Anuradhapura",,,"https://slpost.gov.lk/wp-content/uploads/2022/11/POST-CODE-BOOK-.pdf"
"Senarathwala","20904","Sub Post Office","Kandy",,,"https://slpost.gov.lk/wp-content/uploads/2022/11/POST-CODE-BOOK-.pdf"
"Serankada","32101","Sub Post Office","Ampara",,,"https://slpost.gov.lk/wp-content/uploads/2022/11/POST-CODE-BOOK-.pdf"
"Serukele","61042","Sub Post Office","Puttalam",,,"https://slpost.gov.lk/wp-content/uploads/2022/11/POST-CODE-BOOK-.pdf"
"Serunuwara","31232","Sub Post Office","Trincomalee",,,"https://slpost.gov.lk/wp-content/uploads/2022/11/POST-CODE-BOOK-.pdf"
"Seruwila","31260","Sub Post Office","Trincomalee",,,"https://slpost.gov.lk/wp-content/uploads/2022/11/POST-CODE-BOOK-.pdf"
"Sevanagala","70250","Post Office","Moneragala",,,"https://slpost.gov.lk/wp-content/uploads/2022/11/POST-CODE-BOOK-.pdf"
"Sevanapitiya","51062","Sub Post Office","Polonnaruwa",,,"https://slpost.gov.lk/wp-content/uploads/2022/11/POST-CODE-BOOK-.pdf"
"Shanthipura","22202","Sub Post Office","Nuwara Eliya",,,"https://slpost.gov.lk/wp-content/uploads/2022/11/POST-CODE-BOOK-.pdf"
"Shravasthipura","50042","Sub Post Office","Anuradhapura",,,"https://slpost.gov.lk/wp-content/uploads/2022/11/POST-CODE-BOOK-.pdf"
"Siddamulla","10304","Sub Post Office","Colombo",,,"https://slpost.gov.lk/wp-content/uploads/2022/11/POST-CODE-BOOK-.pdf"
"Sigiriya","21120","Post Office","Matale",,,"https://slpost.gov.lk/wp-content/uploads/2022/11/POST-CODE-BOOK-.pdf"
"Silmiyapura","90364","Sub Post Office","Badulla",,,"https://slpost.gov.lk/wp-content/uploads/2022/11/POST-CODE-BOOK-.pdf"
"Silpolagama","90027","Sub Post Office","Badulla",,,"https://slpost.gov.lk/wp-content/uploads/2022/11/POST-CODE-BOOK-.pdf"
"Singhagama","51378","Sub Post Office","Polonnaruwa",,,"https://slpost.gov.lk/wp-content/uploads/2022/11/POST-CODE-BOOK-.pdf"
"Singhaudagama","51022","Sub Post Office","Polonnaruwa",,,"https://slpost.gov.lk/wp-content/uploads/2022/11/POST-CODE-BOOK-.pdf"
"Sirajnagar","31314","Sub Post Office","Trincomalee",,,"https://slpost.gov.lk/wp-content/uploads/2022/11/POST-CODE-BOOK-.pdf"
"Sirambiadiya","61312","Sub Post Office","Puttalam",,,"https://slpost.gov.lk/wp-content/uploads/2022/11/POST-CODE-BOOK-.pdf"
"Sirimalgoda","90044","Sub Post Office","Badulla",,,"https://slpost.gov.lk/wp-content/uploads/2022/11/POST-CODE-BOOK-.pdf"
"Siripura","51155","Post Office","Polonnaruwa",,,"https://slpost.gov.lk/wp-content/uploads/2022/11/POST-CODE-BOOK-.pdf"
"Sirisethagama","60478","Sub Post Office","Kurunegala",,,"https://slpost.gov.lk/wp-content/uploads/2022/11/POST-CODE-BOOK-.pdf"
"Sithankerny","40229","Sub Post Office","Jaffna",,,"https://slpost.gov.lk/wp-content/uploads/2022/11/POST-CODE-BOOK-.pdf"
"Sittandy","30378","Sub Post Office","Batticaloa",,,"https://slpost.gov.lk/wp-content/uploads/2022/11/POST-CODE-BOOK-.pdf"
"Sivalakulama","50068","Sub Post Office","Anuradhapura",,,"https://slpost.gov.lk/wp-content/uploads/2022/11/POST-CODE-BOOK-.pdf"
"Sivapuram","42618","Sub Post Office","Kilinochchi",,,"https://slpost.gov.lk/wp-content/uploads/2022/11/POST-CODE-BOOK-.pdf"
"Siyambalagashena","61504","Sub Post Office","Puttalam",,,"https://slpost.gov.lk/wp-content/uploads/2022/11/POST-CODE-BOOK-.pdf"
"Siyambalagaskotuwa","60113","Post Office","Kurunegala",,,"https://slpost.gov.lk/wp-content/uploads/2022/11/POST-CODE-BOOK-.pdf"
"Siyambalagoda","81462","Sub Post Office","Matara",,,"https://slpost.gov.lk/wp-content/uploads/2022/11/POST-CODE-BOOK-.pdf"
"Siyambalagune","91202","Sub Post Office","Moneragala",,,"https://slpost.gov.lk/wp-content/uploads/2022/11/POST-CODE-BOOK-.pdf"
"Siyambalanduwa","91030","Post Office","Moneragala",,,"https://slpost.gov.lk/wp-content/uploads/2022/11/POST-CODE-BOOK-.pdf"
"Siyambalangamuwa","60646","Sub Post Office","Kurunegala",,,"https://slpost.gov.lk/wp-content/uploads/2022/11/POST-CODE-BOOK-.pdf"
"Siyambalape","11607","Sub Post Office","Gampaha",,,"https://slpost.gov.lk/wp-content/uploads/2022/11/POST-CODE-BOOK-.pdf"
"Siyambalawewa","32048","Sub Post Office","Ampara",,,"https://slpost.gov.lk/wp-content/uploads/2022/11/POST-CODE-BOOK-.pdf"
"Siyambalewa","50184","Sub Post Office","Anuradhapura",,,"https://slpost.gov.lk/wp-content/uploads/2022/11/POST-CODE-BOOK-.pdf"
"Skandapuram","42415","Sub Post Office","Kilinochchi",,,"https://slpost.gov.lk/wp-content/uploads/2022/11/POST-CODE-BOOK-.pdf"
"Slave Island","00200","Post Office","Colombo",,,"https://slpost.gov.lk/wp-content/uploads/2022/11/POST-CODE-BOOK-.pdf"
"Solepura","60737","Sub Post Office","Kurunegala",,,"https://slpost.gov.lk/wp-content/uploads/2022/11/POST-CODE-BOOK-.pdf"
"Solewewa","60738","Sub Post Office","Kurunegala",,,"https://slpost.gov.lk/wp-content/uploads/2022/11/POST-CODE-BOOK-.pdf"
"Somapura","31222","Sub Post Office","Trincomalee",,,"https://slpost.gov.lk/wp-content/uploads/2022/11/POST-CODE-BOOK-.pdf"
"Sooriyapura","31307","Sub Post Office","Trincomalee",,,"https://slpost.gov.lk/wp-content/uploads/2022/11/POST-CODE-BOOK-.pdf"
"Sooriyawewa Town","82010","Post Office","Hambantota",,,"https://slpost.gov.lk/wp-content/uploads/2022/11/POST-CODE-BOOK-.pdf"
"Sorabora Colony","90718","Sub Post Office","Badulla",,,"https://slpost.gov.lk/wp-content/uploads/2022/11/POST-CODE-BOOK-.pdf"
"Soragune","90183","Sub Post Office","Badulla",,,"https://slpost.gov.lk/wp-content/uploads/2022/11/POST-CODE-BOOK-.pdf"
"Soranatota","90008","Sub Post Office","Badulla",,,"https://slpost.gov.lk/wp-content/uploads/2022/11/POST-CODE-BOOK-.pdf"
"Soysapura","10412","Sub Post Office","Colombo",,,"https://slpost.gov.lk/wp-content/uploads/2022/11/POST-CODE-BOOK-.pdf"
"Spring Valley","90028","Post Office","Badulla",,,"https://slpost.gov.lk/wp-content/uploads/2022/11/POST-CODE-BOOK-.pdf"
"Sri Godankumbura","70151","Sub Post Office","Ratnapura",,,"https://slpost.gov.lk/wp-content/uploads/2022/11/POST-CODE-BOOK-.pdf"
"Sri Jayawardenapura","10100","Post Office","Colombo",,,"https://slpost.gov.lk/wp-content/uploads/2022/11/POST-CODE-BOOK-.pdf"
"Sri Palabaddala","70004","Sub Post Office","Ratnapura",,,"https://slpost.gov.lk/wp-content/uploads/2022/11/POST-CODE-BOOK-.pdf"
"Sudagala","70502","Sub Post Office","Ratnapura",,,"https://slpost.gov.lk/wp-content/uploads/2022/11/POST-CODE-BOOK-.pdf"
"Sultanagoda","81051","Sub Post Office","Matara",,,"https://slpost.gov.lk/wp-content/uploads/2022/11/POST-CODE-BOOK-.pdf"
"Sunandapura","60436","Sub Post Office","Kurunegala",,,"https://slpost.gov.lk/wp-content/uploads/2022/11/POST-CODE-BOOK-.pdf"
"Sungavila","51052","Sub Post Office","Polonnaruwa",,,"https://slpost.gov.lk/wp-content/uploads/2022/11/POST-CODE-BOOK-.pdf"
"Suriyaara","91306","Sub Post Office","Moneragala",,,"https://slpost.gov.lk/wp-content/uploads/2022/11/POST-CODE-BOOK-.pdf"
"Suwarapola","10301","Sub Post Office","Colombo",,,"https://slpost.gov.lk/wp-content/uploads/2022/11/POST-CODE-BOOK-.pdf"
"Tabbowa","61322","Sub Post Office","Puttalam",,,"https://slpost.gov.lk/wp-content/uploads/2022/11/POST-CODE-BOOK-.pdf"
"Talahena","11504","Sub Post Office","Gampaha",,,"https://slpost.gov.lk/wp-content/uploads/2022/11/POST-CODE-BOOK-.pdf"
"Talaimannar","41220","Post Office","Mannar",,,"https://slpost.gov.lk/wp-content/uploads/2022/11/POST-CODE-BOOK-.pdf"
"Talakiriyagama","21116","Sub Post Office","Matale",,,"https://slpost.gov.lk/wp-content/uploads/2022/11/POST-CODE-BOOK-.pdf"
"Talakolahinna","70101","Sub Post Office","Ratnapura",,,"https://slpost.gov.lk/wp-content/uploads/2022/11/POST-CODE-BOOK-.pdf"
"Talatuoya","20200","Post Office","Kandy",,,"https://slpost.gov.lk/wp-content/uploads/2022/11/POST-CODE-BOOK-.pdf"
"Talawa","50230","Post Office","Anuradhapura",,,"https://slpost.gov.lk/wp-content/uploads/2022/11/POST-CODE-BOOK-.pdf"
"Talawakele","22100","Post Office","Nuwara Eliya",,,"https://slpost.gov.lk/wp-content/uploads/2022/11/POST-CODE-BOOK-.pdf"
"Talawattegedara","60306","Sub Post Office","Kurunegala",,,"https://slpost.gov.lk/wp-content/uploads/2022/11/POST-CODE-BOOK-.pdf"
"Talawatugoda","10116","Post Office","Colombo",,,"https://slpost.gov.lk/wp-content/uploads/2022/11/POST-CODE-BOOK-.pdf"
"Talawila Church","61344","Sub Post Office","Puttalam",,,"https://slpost.gov.lk/wp-content/uploads/2022/11/POST-CODE-BOOK-.pdf"
"Taldena","90014","Sub Post Office","Badulla",,,"https://slpost.gov.lk/wp-content/uploads/2022/11/POST-CODE-BOOK-.pdf"
"Talgampala","80058","Sub Post Office","Galle",,,"https://slpost.gov.lk/wp-content/uploads/2022/11/POST-CODE-BOOK-.pdf"
"Talgaspe","80406","Sub Post Office","Galle",,,"https://slpost.gov.lk/wp-content/uploads/2022/11/POST-CODE-BOOK-.pdf"
"Talgaspitiya","71541","Sub Post Office","Kegalle",,,"https://slpost.gov.lk/wp-content/uploads/2022/11/POST-CODE-BOOK-.pdf"
"Talgaswala","80470","Post Office","Galle",,,"https://slpost.gov.lk/wp-content/uploads/2022/11/POST-CODE-BOOK-.pdf"
"Talpe","80615","Sub Post Office","Galle",,,"https://slpost.gov.lk/wp-content/uploads/2022/11/POST-CODE-BOOK-.pdf"
"Talpotha","51044","Sub Post Office","Polonnaruwa",,,"https://slpost.gov.lk/wp-content/uploads/2022/11/POST-CODE-BOOK-.pdf"
"Tamankaduwa","51089","Sub Post Office","Polonnaruwa",,,"https://slpost.gov.lk/wp-content/uploads/2022/11/POST-CODE-BOOK-.pdf"
"Tambala","51049","Sub Post Office","Polonnaruwa",,,"https://slpost.gov.lk/wp-content/uploads/2022/11/POST-CODE-BOOK-.pdf"
"Tambutta","60734","Sub Post Office","Kurunegala",,,"https://slpost.gov.lk/wp-content/uploads/2022/11/POST-CODE-BOOK-.pdf"
"Tambuttegama","50240","Post Office","Anuradhapura",,,"https://slpost.gov.lk/wp-content/uploads/2022/11/POST-CODE-BOOK-.pdf"
"Tammennawa","50104","Sub Post Office","Anuradhapura",,,"https://slpost.gov.lk/wp-content/uploads/2022/11/POST-CODE-BOOK-.pdf"
"Tammennawatiya","60517","Sub Post Office","Puttalam",,,"https://slpost.gov.lk/wp-content/uploads/2022/11/POST-CODE-BOOK-.pdf"
"Tampalakamam","31046","Sub Post Office","Trincomalee",,,"https://slpost.gov.lk/wp-content/uploads/2022/11/POST-CODE-BOOK-.pdf"
"Tanamalwila","91300","Post Office","Moneragala",,,"https://slpost.gov.lk/wp-content/uploads/2022/11/POST-CODE-BOOK-.pdf"
"Tangalla","82200","Post Office","Hambantota",,,"https://slpost.gov.lk/wp-content/uploads/2022/11/POST-CODE-BOOK-.pdf"
"Tanjantenna","70118","Sub Post Office","Ratnapura",,,"https://slpost.gov.lk/wp-content/uploads/2022/11/POST-CODE-BOOK-.pdf"
"Tantirimale","50016","Sub Post Office","Anuradhapura",,,"https://slpost.gov.lk/wp-content/uploads/2022/11/POST-CODE-BOOK-.pdf"
"Tawalama","80148","Sub Post Office","Galle",,,"https://slpost.gov.lk/wp-content/uploads/2022/11/POST-CODE-BOOK-.pdf"
"Tawalantenna","20838","Sub Post Office","Kandy",,,"https://slpost.gov.lk/wp-content/uploads/2022/11/POST-CODE-BOOK-.pdf"
"Tebuwana","12025","Sub Post Office","Kalutara",,,"https://slpost.gov.lk/wp-content/uploads/2022/11/POST-CODE-BOOK-.pdf"
"Telawilla","82103","Sub Post Office","Hambantota",,,"https://slpost.gov.lk/wp-content/uploads/2022/11/POST-CODE-BOOK-.pdf"
"Teldeniya","20900","Post Office","Kandy",,,"https://slpost.gov.lk/wp-content/uploads/2022/11/POST-CODE-BOOK-.pdf"
"Telhiriyawa","50242","Sub Post Office","Anuradhapura",,,"https://slpost.gov.lk/wp-content/uploads/2022/11/POST-CODE-BOOK-.pdf"
"Teligama","71724","Sub Post Office","Kegalle",,,"https://slpost.gov.lk/wp-content/uploads/2022/11/POST-CODE-BOOK-.pdf"
"Telijjawila","81060","Post Office","Matara",,,"https://slpost.gov.lk/wp-content/uploads/2022/11/POST-CODE-BOOK-.pdf"
"Tellipalai","40130","Post Office","Jaffna",,,"https://slpost.gov.lk/wp-content/uploads/2022/11/POST-CODE-BOOK-.pdf"
"Telwaththa","80242","Sub Post Office","Galle",,,"https://slpost.gov.lk/wp-content/uploads/2022/11/POST-CODE-BOOK-.pdf"
"Tempitiya","32072","Sub Post Office","Ampara",,,"https://slpost.gov.lk/wp-content/uploads/2022/11/POST-CODE-BOOK-.pdf"
"Tennamaravady","31019","Sub Post Office","Trincomalee",,,"https://slpost.gov.lk/wp-content/uploads/2022/11/POST-CODE-BOOK-.pdf"
"Tennekumbura","20166","Sub Post Office","Kandy",,,"https://slpost.gov.lk/wp-content/uploads/2022/11/POST-CODE-BOOK-.pdf"
"Tennepanguwa","90072","Sub Post Office","Badulla",,,"https://slpost.gov.lk/wp-content/uploads/2022/11/POST-CODE-BOOK-.pdf"
"Teppanawa","70512","Sub Post Office","Ratnapura",,,"https://slpost.gov.lk/wp-content/uploads/2022/11/POST-CODE-BOOK-.pdf"
"Teripeha","22287","Sub Post Office","Nuwara Eliya",,,"https://slpost.gov.lk/wp-content/uploads/2022/11/POST-CODE-BOOK-.pdf"
"Thadduvankoddy","42558","Sub Post Office","Kilinochchi",,,"https://slpost.gov.lk/wp-content/uploads/2022/11/POST-CODE-BOOK-.pdf"
"Thalahitimulla","60208","Sub Post Office","Kurunegala",,,"https://slpost.gov.lk/wp-content/uploads/2022/11/POST-CODE-BOOK-.pdf"
"Thalakolawewa","60624","Sub Post Office","Kurunegala",,,"https://slpost.gov.lk/wp-content/uploads/2022/11/POST-CODE-BOOK-.pdf"
"Thalayady","42563","Sub Post Office","Kilinochchi",,,"https://slpost.gov.lk/wp-content/uploads/2022/11/POST-CODE-BOOK-.pdf"
"Thalwita","60572","Sub Post Office","Kurunegala",,,"https://slpost.gov.lk/wp-content/uploads/2022/11/POST-CODE-BOOK-.pdf"
"Thambagalla","60584","Sub Post Office","Kurunegala",,,"https://slpost.gov.lk/wp-content/uploads/2022/11/POST-CODE-BOOK-.pdf"
"Thambiluvil","32415","Sub Post Office",,,,"https://slpost.gov.lk/wp-content/uploads/2022/11/POST-CODE-BOOK-.pdf"
"Thannamunai","30024","Sub Post Office","Batticaloa",,,"https://slpost.gov.lk/wp-content/uploads/2022/11/POST-CODE-BOOK-.pdf"
"Tharana Udawela","60227","Sub Post Office","Kurunegala",,,"https://slpost.gov.lk/wp-content/uploads/2022/11/POST-CODE-BOOK-.pdf"
"Tharapuram","41190","Sub Post Office","Mannar",,,"https://slpost.gov.lk/wp-content/uploads/2022/11/POST-CODE-BOOK-.pdf"
"Tharmapuram","42512","Sub Post Office","Kilinochchi",,,"https://slpost.gov.lk/wp-content/uploads/2022/11/POST-CODE-BOOK-.pdf"
"Thettativu","30196","Sub Post Office","Batticaloa",,,"https://slpost.gov.lk/wp-content/uploads/2022/11/POST-CODE-BOOK-.pdf"
"Thihagoda","81280","Post Office","Matara",,,"https://slpost.gov.lk/wp-content/uploads/2022/11/POST-CODE-BOOK-.pdf"
"Thikkodai","30236","Sub Post Office","Batticaloa",,,"https://slpost.gov.lk/wp-content/uploads/2022/11/POST-CODE-BOOK-.pdf"
"Thimbirigaskatuwa","11532","Sub Post Office","Gampaha",,,"https://slpost.gov.lk/wp-content/uploads/2022/11/POST-CODE-BOOK-.pdf"
"Thimbirigaspitiya","90012","Sub Post Office","Badulla",,,"https://slpost.gov.lk/wp-content/uploads/2022/11/POST-CODE-BOOK-.pdf"
"Thimbiriyawa","60476","Sub Post Office","Kurunegala",,,"https://slpost.gov.lk/wp-content/uploads/2022/11/POST-CODE-BOOK-.pdf"
"Thirupalugamam","30234","Sub Post Office","Batticaloa",,,"https://slpost.gov.lk/wp-content/uploads/2022/11/POST-CODE-BOOK-.pdf"
"Tholangamuwa","71619","Sub Post Office","Kegalle",,,"https://slpost.gov.lk/wp-content/uploads/2022/11/POST-CODE-BOOK-.pdf"
"Thondamanaru","40545","Sub Post Office","Jaffna",,,"https://slpost.gov.lk/wp-content/uploads/2022/11/POST-CODE-BOOK-.pdf"
"Thruketheeswaram Kovil","41120","Sub Post Office","Mannar",,,"https://slpost.gov.lk/wp-content/uploads/2022/11/POST-CODE-BOOK-.pdf"
"Thunukkai","42320","Sub Post Office","Mullaitivu",,,"https://slpost.gov.lk/wp-content/uploads/2022/11/POST-CODE-BOOK-.pdf"
"Thuraineelavanai","30254","Sub Post Office","Batticaloa",,,"https://slpost.gov.lk/wp-content/uploads/2022/11/POST-CODE-BOOK-.pdf"
"Tiranagama","80244","Sub Post Office","Galle",,,"https://slpost.gov.lk/wp-content/uploads/2022/11/POST-CODE-BOOK-.pdf"
"Tirappane","50072","Sub Post Office","Anuradhapura",,,"https://slpost.gov.lk/wp-content/uploads/2022/11/POST-CODE-BOOK-.pdf"
"Tiriyai","31016","Sub Post Office","Trincomalee",,,"https://slpost.gov.lk/wp-content/uploads/2022/11/POST-CODE-BOOK-.pdf"
"Tirukkovil","32420","Post Office",,,,"https://slpost.gov.lk/wp-content/uploads/2022/11/POST-CODE-BOOK-.pdf"
"Tisogama","60453","Sub Post Office","Kurunegala",,,"https://slpost.gov.lk/wp-content/uploads/2022/11/POST-CODE-BOOK-.pdf"
"Tissamaharama","82600","Post Office","Hambantota",,,"https://slpost.gov.lk/wp-content/uploads/2022/11/POST-CODE-BOOK-.pdf"
"Tittagonewa","50558","Sub Post Office","Anuradhapura",,,"https://slpost.gov.lk/wp-content/uploads/2022/11/POST-CODE-BOOK-.pdf"
"Tittapattara","10664","Sub Post Office","Gampaha",,,"https://slpost.gov.lk/wp-content/uploads/2022/11/POST-CODE-BOOK-.pdf"
"Toduwawa","61224","Sub Post Office","Puttalam",,,"https://slpost.gov.lk/wp-content/uploads/2022/11/POST-CODE-BOOK-.pdf"
"Toppur","31250","Post Office","Trincomalee",,,"https://slpost.gov.lk/wp-content/uploads/2022/11/POST-CODE-BOOK-.pdf"
"Torayaya","60499","Sub Post Office","Kurunegala",,,"https://slpost.gov.lk/wp-content/uploads/2022/11/POST-CODE-BOOK-.pdf"
"Trincomalee","31000","Post Office","Trincomalee",,,"https://slpost.gov.lk/wp-content/uploads/2022/11/POST-CODE-BOOK-.pdf"
"Tulhiriya","71610","Post Office","Kegalle",,,"https://slpost.gov.lk/wp-content/uploads/2022/11/POST-CODE-BOOK-.pdf"
"Tummodara","10682","Post Office","Colombo",,,"https://slpost.gov.lk/wp-content/uploads/2022/11/POST-CODE-BOOK-.pdf"
"Tunkama","70205","Sub Post Office","Ratnapura",,,"https://slpost.gov.lk/wp-content/uploads/2022/11/POST-CODE-BOOK-.pdf"
"Tuntota","71062","Sub Post Office","Kegalle",,,"https://slpost.gov.lk/wp-content/uploads/2022/11/POST-CODE-BOOK-.pdf"
"Tuttiripitigama","60426","Sub Post Office","Kurunegala",,,"https://slpost.gov.lk/wp-content/uploads/2022/11/POST-CODE-BOOK-.pdf"
"Uda gomadiya","82504","Sub Post Office","Hambantota",,,"https://slpost.gov.lk/wp-content/uploads/2022/11/POST-CODE-BOOK-.pdf"
"Uda Peradeniya","20404","Sub Post Office","Kandy",,,"https://slpost.gov.lk/wp-content/uploads/2022/11/POST-CODE-BOOK-.pdf"
"Udadeniyagama","60241","Sub Post Office","Kurunegala",,,"https://slpost.gov.lk/wp-content/uploads/2022/11/POST-CODE-BOOK-.pdf"
"Udadumbara","20950","Post Office","Kandy",,,"https://slpost.gov.lk/wp-content/uploads/2022/11/POST-CODE-BOOK-.pdf"
"Udagaldeniya","71113","Sub Post Office","Kegalle",,,"https://slpost.gov.lk/wp-content/uploads/2022/11/POST-CODE-BOOK-.pdf"
"Udahawupe","70154","Sub Post Office","Ratnapura",,,"https://slpost.gov.lk/wp-content/uploads/2022/11/POST-CODE-BOOK-.pdf"
"Udahena","60533","Sub Post Office","Kurunegala",,,"https://slpost.gov.lk/wp-content/uploads/2022/11/POST-CODE-BOOK-.pdf"
"Udahentenna","20506","Sub Post Office","Kandy",,,"https://slpost.gov.lk/wp-content/uploads/2022/11/POST-CODE-BOOK-.pdf"
"Udahingulwala","20094","Sub Post Office","Kandy",,,"https://slpost.gov.lk/wp-content/uploads/2022/11/POST-CODE-BOOK-.pdf"
"Udahorombuwa","60043","Sub Post Office","Kandy",,,"https://slpost.gov.lk/wp-content/uploads/2022/11/POST-CODE-BOOK-.pdf"
"Udakarawita","70044","Sub Post Office","Ratnapura",,,"https://slpost.gov.lk/wp-content/uploads/2022/11/POST-CODE-BOOK-.pdf"
"Udalamatta","80108","Sub Post Office","Galle",,,"https://slpost.gov.lk/wp-content/uploads/2022/11/POST-CODE-BOOK-.pdf"
"Udamadura","22285","Sub Post Office","Nuwara Eliya",,,"https://slpost.gov.lk/wp-content/uploads/2022/11/POST-CODE-BOOK-.pdf"
"Udamattala","82638","Sub Post Office","Hambantota",,,"https://slpost.gov.lk/wp-content/uploads/2022/11/POST-CODE-BOOK-.pdf"
"Udaniriella","70034","Sub Post Office","Ratnapura",,,"https://slpost.gov.lk/wp-content/uploads/2022/11/POST-CODE-BOOK-.pdf"
"Udapotha","71236","Sub Post Office","Kegalle",,,"https://slpost.gov.lk/wp-content/uploads/2022/11/POST-CODE-BOOK-.pdf"
"Udappuwa","61004","Sub Post Office","Puttalam",,,"https://slpost.gov.lk/wp-content/uploads/2022/11/POST-CODE-BOOK-.pdf"
"Udapussellawa","22250","Post Office","Nuwara Eliya",,,"https://slpost.gov.lk/wp-content/uploads/2022/11/POST-CODE-BOOK-.pdf"
"Udasgiriya","21051","Sub Post Office","Matale",,,"https://slpost.gov.lk/wp-content/uploads/2022/11/POST-CODE-BOOK-.pdf"
"Udatalavinna","20802","Sub Post Office","Kandy",,,"https://slpost.gov.lk/wp-content/uploads/2022/11/POST-CODE-BOOK-.pdf"
"Udatenna","21006","Sub Post Office","Matale",,,"https://slpost.gov.lk/wp-content/uploads/2022/11/POST-CODE-BOOK-.pdf"
"Udathuththiripitiya","11054","Sub Post Office","Gampaha",,,"https://slpost.gov.lk/wp-content/uploads/2022/11/POST-CODE-BOOK-.pdf"
"Udawalawe","70190","Post Office","Ratnapura",,,"https://slpost.gov.lk/wp-content/uploads/2022/11/POST-CODE-BOOK-.pdf"
"Udawatta","20722","Sub Post Office","Kandy",,,"https://slpost.gov.lk/wp-content/uploads/2022/11/POST-CODE-BOOK-.pdf"
"Udayarkaddu","42532","Sub Post Office","Mullaitivu",,,"https://slpost.gov.lk/wp-content/uploads/2022/11/POST-CODE-BOOK-.pdf"
"Udispattuwa","20916","Sub Post Office","Kandy",,,"https://slpost.gov.lk/wp-content/uploads/2022/11/POST-CODE-BOOK-.pdf"
"Udubaddawa","60250","Post Office","Kurunegala",,,"https://slpost.gov.lk/wp-content/uploads/2022/11/POST-CODE-BOOK-.pdf"
"Udugama","80070","Post Office","Galle",,,"https://slpost.gov.lk/wp-content/uploads/2022/11/POST-CODE-BOOK-.pdf"
"Udugampola","11030","Post Office","Gampaha",,,"https://slpost.gov.lk/wp-content/uploads/2022/11/POST-CODE-BOOK-.pdf"
"Uduhawara","90226","Sub Post Office","Badulla",,,"https://slpost.gov.lk/wp-content/uploads/2022/11/POST-CODE-BOOK-.pdf"
"Udumulla","71521","Sub Post Office","Kegalle",,,"https://slpost.gov.lk/wp-content/uploads/2022/11/POST-CODE-BOOK-.pdf"
"Udunuwara Colony","50207","Sub Post Office","Anuradhapura",,,"https://slpost.gov.lk/wp-content/uploads/2022/11/POST-CODE-BOOK-.pdf"
"Uduwa","20052","Sub Post Office","Kandy",,,"https://slpost.gov.lk/wp-content/uploads/2022/11/POST-CODE-BOOK-.pdf"
"Uduwahinna","20934","Sub Post Office","Kandy",,,"https://slpost.gov.lk/wp-content/uploads/2022/11/POST-CODE-BOOK-.pdf"
"Uduwara","12322","Sub Post Office","Kalutara",,,"https://slpost.gov.lk/wp-content/uploads/2022/11/POST-CODE-BOOK-.pdf"
"Uduwela","20164","Sub Post Office","Kandy",,,"https://slpost.gov.lk/wp-content/uploads/2022/11/POST-CODE-BOOK-.pdf"
"Uhana","32060","Post Office","Ampara",,,"https://slpost.gov.lk/wp-content/uploads/2022/11/POST-CODE-BOOK-.pdf"
"Uhumiya","60094","Post Office","Kurunegala",,,"https://slpost.gov.lk/wp-content/uploads/2022/11/POST-CODE-BOOK-.pdf"
"Ukuwela","21300","Post Office","Matale",,,"https://slpost.gov.lk/wp-content/uploads/2022/11/POST-CODE-BOOK-.pdf"
"Ulapane","20562","Sub Post Office","Kandy",,,"https://slpost.gov.lk/wp-content/uploads/2022/11/POST-CODE-BOOK-.pdf"
"Ullinduwawa","70345","Sub Post Office","Ratnapura",,,"https://slpost.gov.lk/wp-content/uploads/2022/11/POST-CODE-BOOK-.pdf"
"Ulpotha Pallekele","60622","Sub Post Office","Kurunegala",,,"https://slpost.gov.lk/wp-content/uploads/2022/11/POST-CODE-BOOK-.pdf"
"Ulpothagama","20965","Sub Post Office","Kandy",,,"https://slpost.gov.lk/wp-content/uploads/2022/11/POST-CODE-BOOK-.pdf"
"Uluvitike","80168","Sub Post Office","Galle",,,"https://slpost.gov.lk/wp-content/uploads/2022/11/POST-CODE-BOOK-.pdf"
"Unagalavehera","51008","Sub Post Office","Polonnaruwa",,,"https://slpost.gov.lk/wp-content/uploads/2022/11/POST-CODE-BOOK-.pdf"
"Unantenna","20719","Sub Post Office","Kandy",,,"https://slpost.gov.lk/wp-content/uploads/2022/11/POST-CODE-BOOK-.pdf"
"Unawatuna","80600","Post Office","Galle",,,"https://slpost.gov.lk/wp-content/uploads/2022/11/POST-CODE-BOOK-.pdf"
"Undugoda","71200","Post Office","Kegalle",,,"https://slpost.gov.lk/wp-content/uploads/2022/11/POST-CODE-BOOK-.pdf"
"Unanvitiya","80214","Sub Post Office","Galle",,,"https://slpost.gov.lk/wp-content/uploads/2022/11/POST-CODE-BOOK-.pdf"
"Unnichchai","30364","Sub Post Office","Batticaloa",,,"https://slpost.gov.lk/wp-content/uploads/2022/11/POST-CODE-BOOK-.pdf"
"Unuwinna","20708","Sub Post Office","Kandy",,,"https://slpost.gov.lk/wp-content/uploads/2022/11/POST-CODE-BOOK-.pdf"
"Upuldeniya","50382","Sub Post Office","Anuradhapura",,,"https://slpost.gov.lk/wp-content/uploads/2022/11/POST-CODE-BOOK-.pdf"
"Uragaha","80352","Sub Post Office","Galle",,,"https://slpost.gov.lk/wp-content/uploads/2022/11/POST-CODE-BOOK-.pdf"
"Uragasmanhandiya","80350","Post Office","Galle",,,"https://slpost.gov.lk/wp-content/uploads/2022/11/POST-CODE-BOOK-.pdf"
"Uraniya","90702","Sub Post Office","Badulla",,,"https://slpost.gov.lk/wp-content/uploads/2022/11/POST-CODE-BOOK-.pdf"
"Urapola","11126","Post Office","Gampaha",,,"https://slpost.gov.lk/wp-content/uploads/2022/11/POST-CODE-BOOK-.pdf"
"Uriyawa","61502","Sub Post Office","Puttalam",,,"https://slpost.gov.lk/wp-content/uploads/2022/11/POST-CODE-BOOK-.pdf"
"Urubokka","81600","Post Office","Matara",,,"https://slpost.gov.lk/wp-content/uploads/2022/11/POST-CODE-BOOK-.pdf"
"Urugamuwa","81230","Post Office","Matara",,,"https://slpost.gov.lk/wp-content/uploads/2022/11/POST-CODE-BOOK-.pdf"
"Urumpirai","40180","Post Office","Jaffna",,,"https://slpost.gov.lk/wp-content/uploads/2022/11/POST-CODE-BOOK-.pdf"
"Urumutta","81414","Sub Post Office","Matara",,,"https://slpost.gov.lk/wp-content/uploads/2022/11/POST-CODE-BOOK-.pdf"
"Uruthirapuram","42502","Sub Post Office","Kilinochchi",,,"https://slpost.gov.lk/wp-content/uploads/2022/11/POST-CODE-BOOK-.pdf"
"Usgala Siyambalangamuwa","60732","Sub Post Office","Kurunegala",,,"https://slpost.gov.lk/wp-content/uploads/2022/11/POST-CODE-BOOK-.pdf"
"Ussapitiya","71510","Post Office","Kegalle",,,"https://slpost.gov.lk/wp-content/uploads/2022/11/POST-CODE-BOOK-.pdf"
"Uswetakeiyawa","11328","Sub Post Office","Gampaha",,,"https://slpost.gov.lk/wp-content/uploads/2022/11/POST-CODE-BOOK-.pdf"
"Uswewa","82278","Sub Post Office","Hambantota",,,"https://slpost.gov.lk/wp-content/uploads/2022/11/POST-CODE-BOOK-.pdf"
"Uttimaduwa","50067","Sub Post Office","Anuradhapura",,,"https://slpost.gov.lk/wp-content/uploads/2022/11/POST-CODE-BOOK-.pdf"
"Utumgama","12127","Sub Post Office","Kalutara",,,"https://slpost.gov.lk/wp-content/uploads/2022/11/POST-CODE-BOOK-.pdf"
"Uva Deegalla","90062","Sub Post Office","Badulla",,,"https://slpost.gov.lk/wp-content/uploads/2022/11/POST-CODE-BOOK-.pdf"
"Uva Gangodagama","91054","Sub Post Office","Moneragala",,,"https://slpost.gov.lk/wp-content/uploads/2022/11/POST-CODE-BOOK-.pdf"
"Uva Karandagolla","90091","Sub Post Office","Badulla",,,"https://slpost.gov.lk/wp-content/uploads/2022/11/POST-CODE-BOOK-.pdf"
"Uva Kudaoya","91298","Sub Post Office","Moneragala",,,"https://slpost.gov.lk/wp-content/uploads/2022/11/POST-CODE-BOOK-.pdf"
"Uva Maligatenna","90139","Sub Post Office","Badulla",,,"https://slpost.gov.lk/wp-content/uploads/2022/11/POST-CODE-BOOK-.pdf"
"Uva Mawelagama","90192","Sub Post Office","Badulla",,,"https://slpost.gov.lk/wp-content/uploads/2022/11/POST-CODE-BOOK-.pdf"
"Uva Neluwa","90123","Sub Post Office","Badulla",,,"https://slpost.gov.lk/wp-content/uploads/2022/11/POST-CODE-BOOK-.pdf"
"Uva Pelwatta","91112","Sub Post Office","Moneragala",,,"https://slpost.gov.lk/wp-content/uploads/2022/11/POST-CODE-BOOK-.pdf"
"Uva Tenna","90188","Sub Post Office","Badulla",,,"https://slpost.gov.lk/wp-content/uploads/2022/11/POST-CODE-BOOK-.pdf"
"Uva Tissapura","90734","Sub Post Office","Badulla",,,"https://slpost.gov.lk/wp-content/uploads/2022/11/POST-CODE-BOOK-.pdf"
"Uva Uduwara","90061","Sub Post Office","Badulla",,,"https://slpost.gov.lk/wp-content/uploads/2022/11/POST-CODE-BOOK-.pdf"
"Uva Paranagama","90230","Post Office","Badulla",,,"https://slpost.gov.lk/wp-content/uploads/2022/11/POST-CODE-BOOK-.pdf"
"Uylankulam","41110","Sub Post Office","Mannar",,,"https://slpost.gov.lk/wp-content/uploads/2022/11/POST-CODE-BOOK-.pdf"
"Vaddakachchi","42405","Sub Post Office","Kilinochchi",,,"https://slpost.gov.lk/wp-content/uploads/2022/11/POST-CODE-BOOK-.pdf"
"Vaddakandal","41150","Sub Post Office","Mannar",,,"https://slpost.gov.lk/wp-content/uploads/2022/11/POST-CODE-BOOK-.pdf"
"Vaddukoddai","40220","Post Office","Jaffna",,,"https://slpost.gov.lk/wp-content/uploads/2022/11/POST-CODE-BOOK-.pdf"
"Vakaneri","30424","Post Office","Batticaloa",,,"https://slpost.gov.lk/wp-content/uploads/2022/11/POST-CODE-BOOK-.pdf"
"Vakarai","30450","Post Office","Batticaloa",,,"https://slpost.gov.lk/wp-content/uploads/2022/11/POST-CODE-BOOK-.pdf"
"Valaichenai","30400","Post Office","Batticaloa",,,"https://slpost.gov.lk/wp-content/uploads/2022/11/POST-CODE-BOOK-.pdf"
"Vankalai","41100","Post Office","Mannar",,,"https://slpost.gov.lk/wp-content/uploads/2022/11/POST-CODE-BOOK-.pdf"
"Vannerikulam","42430","Sub Post Office","Kilinochchi",,,"https://slpost.gov.lk/wp-content/uploads/2022/11/POST-CODE-BOOK-.pdf"
"Vantharumoolai","30376","Sub Post Office","Batticaloa",,,"https://slpost.gov.lk/wp-content/uploads/2022/11/POST-CODE-BOOK-.pdf"
"Varany","40640","Sub Post Office","Jaffna",,,"https://slpost.gov.lk/wp-content/uploads/2022/11/POST-CODE-BOOK-.pdf"
"Varikuddiyoor","43123","Sub Post Office","Vavuniya",,,"https://slpost.gov.lk/wp-content/uploads/2022/11/POST-CODE-BOOK-.pdf"
"Vasavilan","40145","Post Office","Jaffna",,,"https://slpost.gov.lk/wp-content/uploads/2022/11/POST-CODE-BOOK-.pdf"
"Vavunikulam","42305","Sub Post Office","Mullaitivu",,,"https://slpost.gov.lk/wp-content/uploads/2022/11/POST-CODE-BOOK-.pdf"
"Vavuniya","43000","Post Office","Vavuniya",,,"https://slpost.gov.lk/wp-content/uploads/2022/11/POST-CODE-BOOK-.pdf"
"Veddagala","70459","Sub Post Office","Ratnapura",,,"https://slpost.gov.lk/wp-content/uploads/2022/11/POST-CODE-BOOK-.pdf"
"Vedikumbura","91005","Sub Post Office","Moneragala",,,"https://slpost.gov.lk/wp-content/uploads/2022/11/POST-CODE-BOOK-.pdf"
"Veheragoda","91073","Sub Post Office","Moneragala",,,"https://slpost.gov.lk/wp-content/uploads/2022/11/POST-CODE-BOOK-.pdf"
"Velamboda","20640","Post Office","Kandy",,,"https://slpost.gov.lk/wp-content/uploads/2022/11/POST-CODE-BOOK-.pdf"
"Velanai","40300","Post Office","Jaffna",,,"https://slpost.gov.lk/wp-content/uploads/2022/11/POST-CODE-BOOK-.pdf"
"Vellamanal","31053","Sub Post Office","Trincomalee",,,"https://slpost.gov.lk/wp-content/uploads/2022/11/POST-CODE-BOOK-.pdf"
"Vellankulam","41185","Sub Post Office","Mannar",,,"https://slpost.gov.lk/wp-content/uploads/2022/11/POST-CODE-BOOK-.pdf"
"Vellavely","30204","Sub Post Office","Batticaloa",,,"https://slpost.gov.lk/wp-content/uploads/2022/11/POST-CODE-BOOK-.pdf"
"Velvetiturai","40540","Post Office","Jaffna",,,"https://slpost.gov.lk/wp-content/uploads/2022/11/POST-CODE-BOOK-.pdf"
"Veravil","42620","Sub Post Office","Kilinochchi",,,"https://slpost.gov.lk/wp-content/uploads/2022/11/POST-CODE-BOOK-.pdf"
"Veyangalla","12204","Sub Post Office","Kalutara",,,"https://slpost.gov.lk/wp-content/uploads/2022/11/POST-CODE-BOOK-.pdf"
"Veyangoda","11100","Post Office","Gampaha",,,"https://slpost.gov.lk/wp-content/uploads/2022/11/POST-CODE-BOOK-.pdf"
"Vidaththaltivu","41165","Sub Post Office","Mannar",,,"https://slpost.gov.lk/wp-content/uploads/2022/11/POST-CODE-BOOK-.pdf"
"Viharahena","81508","Sub Post Office","Matara",,,"https://slpost.gov.lk/wp-content/uploads/2022/11/POST-CODE-BOOK-.pdf"
"Viharapalugama","50012","Sub Post Office","Anuradhapura",,,"https://slpost.gov.lk/wp-content/uploads/2022/11/POST-CODE-BOOK-.pdf"
"Vijeriya","70348","Sub Post Office","Ratnapura",,,"https://slpost.gov.lk/wp-content/uploads/2022/11/POST-CODE-BOOK-.pdf"
"Vijithapura","50110","Post Office","Anuradhapura",,,"https://slpost.gov.lk/wp-content/uploads/2022/11/POST-CODE-BOOK-.pdf"
"Vinayagapuram","42625","Sub Post Office","Kilinochchi",,,"https://slpost.gov.lk/wp-content/uploads/2022/11/POST-CODE-BOOK-.pdf"
"Visvamadukkulam","42534","Sub Post Office","Mullaitivu",,,"https://slpost.gov.lk/wp-content/uploads/2022/11/POST-CODE-BOOK-.pdf"
"Vitharandeniya","82232","Post Office","Hambantota",,,"https://slpost.gov.lk/wp-content/uploads/2022/11/POST-CODE-BOOK-.pdf"
"Wadakada","60318","Sub Post Office","Kurunegala",,,"https://slpost.gov.lk/wp-content/uploads/2022/11/POST-CODE-BOOK-.pdf"
"Wadduwa","12560","Post Office","Kalutara",,,"https://slpost.gov.lk/wp-content/uploads/2022/11/POST-CODE-BOOK-.pdf"
"Wadinagala","32039","Sub Post Office","Ampara",,,"https://slpost.gov.lk/wp-content/uploads/2022/11/POST-CODE-BOOK-.pdf"
"Wadumunnegedara","60204","Sub Post Office","Kurunegala",,,"https://slpost.gov.lk/wp-content/uploads/2022/11/POST-CODE-BOOK-.pdf"
"Waga","10680","Post Office","Colombo",,,"https://slpost.gov.lk/wp-content/uploads/2022/11/POST-CODE-BOOK-.pdf"
"Wahakula","71303","Sub Post Office","Kegalle",,,"https://slpost.gov.lk/wp-content/uploads/2022/11/POST-CODE-BOOK-.pdf"
"Wahalkada","50564","Sub Post Office","Anuradhapura",,,"https://slpost.gov.lk/wp-content/uploads/2022/11/POST-CODE-BOOK-.pdf"
"Wahamalgollewa","50492","Sub Post Office","Anuradhapura",,,"https://slpost.gov.lk/wp-content/uploads/2022/11/POST-CODE-BOOK-.pdf"
"Waharaka","71304","Sub Post Office","Kegalle",,,"https://slpost.gov.lk/wp-content/uploads/2022/11/POST-CODE-BOOK-.pdf"
"Waikkala","61110","Post Office","Puttalam",,,"https://slpost.gov.lk/wp-content/uploads/2022/11/POST-CODE-BOOK-.pdf"
"Wakwella","80042","Sub Post Office","Galle",,,"https://slpost.gov.lk/wp-content/uploads/2022/11/POST-CODE-BOOK-.pdf"
"Walagambahuwa","50086","Sub Post Office","Anuradhapura",,,"https://slpost.gov.lk/wp-content/uploads/2022/11/POST-CODE-BOOK-.pdf"
"Walagedara","12112","Sub Post Office","Kalutara",,,"https://slpost.gov.lk/wp-content/uploads/2022/11/POST-CODE-BOOK-.pdf"
"Walahanduwa","80046","Sub Post Office","Galle",,,"https://slpost.gov.lk/wp-content/uploads/2022/11/POST-CODE-BOOK-.pdf"
"Walahaviddawewa","50516","Sub Post Office","Anuradhapura",,,"https://slpost.gov.lk/wp-content/uploads/2022/11/POST-CODE-BOOK-.pdf"
"Walakanda","81294","Sub Post Office","Matara",,,"https://slpost.gov.lk/wp-content/uploads/2022/11/POST-CODE-BOOK-.pdf"
"Walakumburumulla","60198","Sub Post Office","Kurunegala",,,"https://slpost.gov.lk/wp-content/uploads/2022/11/POST-CODE-BOOK-.pdf"
"Walallawita","12134","Sub Post Office","Kalutara",,,"https://slpost.gov.lk/wp-content/uploads/2022/11/POST-CODE-BOOK-.pdf"
"Walapane","22270","Post Office","Nuwara Eliya",,,"https://slpost.gov.lk/wp-content/uploads/2022/11/POST-CODE-BOOK-.pdf"
"Walasgala","81220","Post Office","Matara",,,"https://slpost.gov.lk/wp-content/uploads/2022/11/POST-CODE-BOOK-.pdf"
"Walasmulla","82450","Post Office","Hambantota",,,"https://slpost.gov.lk/wp-content/uploads/2022/11/POST-CODE-BOOK-.pdf"
"Walawela","21048","Sub Post Office","Matale",,,"https://slpost.gov.lk/wp-content/uploads/2022/11/POST-CODE-BOOK-.pdf"
"Waleboda","70138","Sub Post Office","Ratnapura",,,"https://slpost.gov.lk/wp-content/uploads/2022/11/POST-CODE-BOOK-.pdf"
"Walgammulla","11146","Sub Post Office","Gampaha",,,"https://slpost.gov.lk/wp-content/uploads/2022/11/POST-CODE-BOOK-.pdf"
"Walpita","11226","Sub Post Office","Gampaha",,,"https://slpost.gov.lk/wp-content/uploads/2022/11/POST-CODE-BOOK-.pdf"
"Walpola","11012","Sub Post Office","Gampaha","Western Province",,"https://slpost.gov.lk/wp-content/uploads/2022/11/POST-CODE-BOOK-.pdf"
"Wanagamuwa","32454","Sub Post Office","Ampara",,,"https://slpost.gov.lk/wp-content/uploads/2022/11/POST-CODE-BOOK-.pdf"
"Wanaluwawa","11068","Sub Post Office","Gampaha",,,"https://slpost.gov.lk/wp-content/uploads/2022/11/POST-CODE-BOOK-.pdf"
"Wanathawilluwa","61306","Sub Post Office","Puttalam",,,"https://slpost.gov.lk/wp-content/uploads/2022/11/POST-CODE-BOOK-.pdf"
"Wanchawala","80120","Post Office","Galle",,,"https://slpost.gov.lk/wp-content/uploads/2022/11/POST-CODE-BOOK-.pdf"
"Wanduramba","80100","Post Office","Galle",,,"https://slpost.gov.lk/wp-content/uploads/2022/11/POST-CODE-BOOK-.pdf"
"Wanela","31308","Sub Post Office","Trincomalee",,,"https://slpost.gov.lk/wp-content/uploads/2022/11/POST-CODE-BOOK-.pdf"
"Wannikudawewa","60721","Sub Post Office","Kurunegala",,,"https://slpost.gov.lk/wp-content/uploads/2022/11/POST-CODE-BOOK-.pdf"
"Wannilhalagama","60722","Sub Post Office","Kurunegala",,,"https://slpost.gov.lk/wp-content/uploads/2022/11/POST-CODE-BOOK-.pdf"
"Wannirasnayakapura","60490","Post Office","Kurunegala",,,"https://slpost.gov.lk/wp-content/uploads/2022/11/POST-CODE-BOOK-.pdf"
"Warakapola","71600","Post Office","Kegalle",,,"https://slpost.gov.lk/wp-content/uploads/2022/11/POST-CODE-BOOK-.pdf"
"Waralla","81479","Sub Post Office","Matara",,,"https://slpost.gov.lk/wp-content/uploads/2022/11/POST-CODE-BOOK-.pdf"
"Warawewa","60739","Sub Post Office","Kurunegala",,,"https://slpost.gov.lk/wp-content/uploads/2022/11/POST-CODE-BOOK-.pdf"
"Wariyapola","60400","Post Office","Kurunegala",,,"https://slpost.gov.lk/wp-content/uploads/2022/11/POST-CODE-BOOK-.pdf"
"Warukandeniya","80084","Sub Post Office","Galle",,,"https://slpost.gov.lk/wp-content/uploads/2022/11/POST-CODE-BOOK-.pdf"
"Warunagama","91198","Sub Post Office","Moneragala",,,"https://slpost.gov.lk/wp-content/uploads/2022/11/POST-CODE-BOOK-.pdf"
"Wasalakotte","21160","Post Office","Matale",,,"https://slpost.gov.lk/wp-content/uploads/2022/11/POST-CODE-BOOK-.pdf"
"Waskaduwa","12580","Post Office","Kalutara",,,"https://slpost.gov.lk/wp-content/uploads/2022/11/POST-CODE-BOOK-.pdf"
"Watagoda Harispattuwa","20134","Sub Post Office","Kandy",,,"https://slpost.gov.lk/wp-content/uploads/2022/11/POST-CODE-BOOK-.pdf"
"Watagoda","22110","Post Office","Nuwara Eliya",,,"https://slpost.gov.lk/wp-content/uploads/2022/11/POST-CODE-BOOK-.pdf"
"Watakedeniya","20508","Sub Post Office","Kandy",,,"https://slpost.gov.lk/wp-content/uploads/2022/11/POST-CODE-BOOK-.pdf"
"Watapotha","70408","Sub Post Office","Ratnapura",,,"https://slpost.gov.lk/wp-content/uploads/2022/11/POST-CODE-BOOK-.pdf"
"Watareka","10511","Sub Post Office","Colombo",,,"https://slpost.gov.lk/wp-content/uploads/2022/11/POST-CODE-BOOK-.pdf"
"Watawala","22010","Post Office","Nuwara Eliya",,,"https://slpost.gov.lk/wp-content/uploads/2022/11/POST-CODE-BOOK-.pdf"
"Wathurugama","11724","Sub Post Office","Gampaha",,,"https://slpost.gov.lk/wp-content/uploads/2022/11/POST-CODE-BOOK-.pdf"
"Watinapaha","11104","Sub Post Office","Gampaha",,,"https://slpost.gov.lk/wp-content/uploads/2022/11/POST-CODE-BOOK-.pdf"
"Wattala Market Junction","11301","Sub Post Office","Gampaha",,,"https://slpost.gov.lk/wp-content/uploads/2022/11/POST-CODE-BOOK-.pdf"
"Wattala","11300","Post Office","Gampaha",,,"https://slpost.gov.lk/wp-content/uploads/2022/11/POST-CODE-BOOK-.pdf"
"Wattappola","20454","Sub Post Office","Kandy",,,"https://slpost.gov.lk/wp-content/uploads/2022/11/POST-CODE-BOOK-.pdf"
"Wattegama","20810","Post Office","Kandy",,,"https://slpost.gov.lk/wp-content/uploads/2022/11/POST-CODE-BOOK-.pdf"
"Watugahamulla","61198","Sub Post Office","Puttalam",,,"https://slpost.gov.lk/wp-content/uploads/2022/11/POST-CODE-BOOK-.pdf"
"Watugedara","80340","Post Office","Galle",,,"https://slpost.gov.lk/wp-content/uploads/2022/11/POST-CODE-BOOK-.pdf"
"Watura","71035","Sub Post Office","Kegalle",,,"https://slpost.gov.lk/wp-content/uploads/2022/11/POST-CODE-BOOK-.pdf"
"Waturawa","70456","Sub Post Office","Ratnapura",,,"https://slpost.gov.lk/wp-content/uploads/2022/11/POST-CODE-BOOK-.pdf"
"Watuwatta","60262","Sub Post Office","Kurunegala",,,"https://slpost.gov.lk/wp-content/uploads/2022/11/POST-CODE-BOOK-.pdf"
"Weboda","11858","Sub Post Office","Gampaha",,,"https://slpost.gov.lk/wp-content/uploads/2022/11/POST-CODE-BOOK-.pdf"
"Weeoya","71702","Sub Post Office","Kegalle",,,"https://slpost.gov.lk/wp-content/uploads/2022/11/POST-CODE-BOOK-.pdf"
"Weeraketiya","82240","Post Office","Hambantota",,,"https://slpost.gov.lk/wp-content/uploads/2022/11/POST-CODE-BOOK-.pdf"
"Weerakodiyana","60267","Sub Post Office","Kurunegala",,,"https://slpost.gov.lk/wp-content/uploads/2022/11/POST-CODE-BOOK-.pdf"
"Weerambugedara","60097","Sub Post Office","Kurunegala",,,"https://slpost.gov.lk/wp-content/uploads/2022/11/POST-CODE-BOOK-.pdf"
"Weerapokuna","60454","Sub Post Office","Kurunegala",,,"https://slpost.gov.lk/wp-content/uploads/2022/11/POST-CODE-BOOK-.pdf"
"Weerawila New Town","82615","Sub Post Office","Hambantota",,,"https://slpost.gov.lk/wp-content/uploads/2022/11/POST-CODE-BOOK-.pdf"
"Weerawila","82632","Sub Post Office","Hambantota",,,"https://slpost.gov.lk/wp-content/uploads/2022/11/POST-CODE-BOOK-.pdf"
"Wegalla","71234","Sub Post Office","Kegalle",,,"https://slpost.gov.lk/wp-content/uploads/2022/11/POST-CODE-BOOK-.pdf"
"Wegowwa","11562","Sub Post Office","Gampaha",,,"https://slpost.gov.lk/wp-content/uploads/2022/11/POST-CODE-BOOK-.pdf"
"Weherayaya Handapanagala","91206","Sub Post Office","Moneragala",,,"https://slpost.gov.lk/wp-content/uploads/2022/11/POST-CODE-BOOK-.pdf"
"Wehigala","21009","Sub Post Office","Matale",,,"https://slpost.gov.lk/wp-content/uploads/2022/11/POST-CODE-BOOK-.pdf"
"Weihena","80216","Sub Post Office","Galle",,,"https://slpost.gov.lk/wp-content/uploads/2022/11/POST-CODE-BOOK-.pdf"
"Wekandawela","82246","Sub Post Office","Hambantota",,,"https://slpost.gov.lk/wp-content/uploads/2022/11/POST-CODE-BOOK-.pdf"
"Welangahawatte","21408","Sub Post Office","Matale",,,"https://slpost.gov.lk/wp-content/uploads/2022/11/POST-CODE-BOOK-.pdf"
"Welawa Junction","60464","Sub Post Office","Kurunegala",,,"https://slpost.gov.lk/wp-content/uploads/2022/11/POST-CODE-BOOK-.pdf"
"Welgollagama","90035","Sub Post Office","Badulla",,,"https://slpost.gov.lk/wp-content/uploads/2022/11/POST-CODE-BOOK-.pdf"
"Weligalla","20610","Post Office","Kandy",,,"https://slpost.gov.lk/wp-content/uploads/2022/11/POST-CODE-BOOK-.pdf"
"Weligama","81700","Post Office","Matara",,,"https://slpost.gov.lk/wp-content/uploads/2022/11/POST-CODE-BOOK-.pdf"
"Weligampola","20666","Sub Post Office","Kandy",,,"https://slpost.gov.lk/wp-content/uploads/2022/11/POST-CODE-BOOK-.pdf"
"Weligatta","82004","Sub Post Office","Hambantota",,,"https://slpost.gov.lk/wp-content/uploads/2022/11/POST-CODE-BOOK-.pdf"
"Weligepola","70104","Sub Post Office","Ratnapura",,,"https://slpost.gov.lk/wp-content/uploads/2022/11/POST-CODE-BOOK-.pdf"
"Welihelatenna","71712","Sub Post Office","Kegalle",,,"https://slpost.gov.lk/wp-content/uploads/2022/11/POST-CODE-BOOK-.pdf"
"Welikanda","51070","Post Office","Polonnaruwa",,,"https://slpost.gov.lk/wp-content/uploads/2022/11/POST-CODE-BOOK-.pdf"
"Welimada","90200","Post Office","Badulla",,,"https://slpost.gov.lk/wp-content/uploads/2022/11/POST-CODE-BOOK-.pdf"
"Welimuwapotana","50358","Sub Post Office","Anuradhapura",,,"https://slpost.gov.lk/wp-content/uploads/2022/11/POST-CODE-BOOK-.pdf"
"Welioya Project","50586","Sub Post Office","Anuradhapura",,,"https://slpost.gov.lk/wp-content/uploads/2022/11/POST-CODE-BOOK-.pdf"
"Welipathayaya","70124","Sub Post Office","Ratnapura",,,"https://slpost.gov.lk/wp-content/uploads/2022/11/POST-CODE-BOOK-.pdf"
"Welipenna","12108","Post Office","Kalutara",,,"https://slpost.gov.lk/wp-content/uploads/2022/11/POST-CODE-BOOK-.pdf"
"Welipennagahamulla","60240","Post Office","Kurunegala",,,"https://slpost.gov.lk/wp-content/uploads/2022/11/POST-CODE-BOOK-.pdf"
"Welipitiya","81720","Post Office","Matara",,,"https://slpost.gov.lk/wp-content/uploads/2022/11/POST-CODE-BOOK-.pdf"
"Weliveriya","11710","Post Office","Gampaha",,,"https://slpost.gov.lk/wp-content/uploads/2022/11/POST-CODE-BOOK-.pdf"
"Wellegala","60402","Sub Post Office","Kurunegala",,,"https://slpost.gov.lk/wp-content/uploads/2022/11/POST-CODE-BOOK-.pdf"
"Wellandura","70293","Sub Post Office","Ratnapura",,,"https://slpost.gov.lk/wp-content/uploads/2022/11/POST-CODE-BOOK-.pdf"
"Wellarawa","60456","Sub Post Office","Kurunegala",,,"https://slpost.gov.lk/wp-content/uploads/2022/11/POST-CODE-BOOK-.pdf"
"Wellawa","60570","Post Office","Kurunegala",,,"https://slpost.gov.lk/wp-content/uploads/2022/11/POST-CODE-BOOK-.pdf"
"Wellawatta","00600","Post Office","Colombo",,,"https://slpost.gov.lk/wp-content/uploads/2022/11/POST-CODE-BOOK-.pdf"
"Wellawaya","91200","Post Office","Moneragala",,,"https://slpost.gov.lk/wp-content/uploads/2022/11/POST-CODE-BOOK-.pdf"
"Welmilla Junction","12534","Sub Post Office","Kalutara",,,"https://slpost.gov.lk/wp-content/uploads/2022/11/POST-CODE-BOOK-.pdf"
"Welpalla","60206","Sub Post Office","Kurunegala",,,"https://slpost.gov.lk/wp-content/uploads/2022/11/POST-CODE-BOOK-.pdf"
"Wendaruwa","20914","Sub Post Office","Kandy",,,"https://slpost.gov.lk/wp-content/uploads/2022/11/POST-CODE-BOOK-.pdf"
"Wennappuwa","61170","Post Office","Puttalam",,,"https://slpost.gov.lk/wp-content/uploads/2022/11/POST-CODE-BOOK-.pdf"
"Wennoruwa","60284","Sub Post Office","Kurunegala",,,"https://slpost.gov.lk/wp-content/uploads/2022/11/POST-CODE-BOOK-.pdf"
"Weragala","71622","Sub Post Office","Kegalle",,,"https://slpost.gov.lk/wp-content/uploads/2022/11/POST-CODE-BOOK-.pdf"
"Weragantota","20982","Sub Post Office","Kandy",,,"https://slpost.gov.lk/wp-content/uploads/2022/11/POST-CODE-BOOK-.pdf"
"Weranketagoda","32062","Sub Post Office","Ampara",,,"https://slpost.gov.lk/wp-content/uploads/2022/11/POST-CODE-BOOK-.pdf"
"Werapitiya","20908","Sub Post Office","Kandy",,,"https://slpost.gov.lk/wp-content/uploads/2022/11/POST-CODE-BOOK-.pdf"
"Werellagama","20080","Post Office","Kandy",,,"https://slpost.gov.lk/wp-content/uploads/2022/11/POST-CODE-BOOK-.pdf"
"Wettewa","20108","Sub Post Office","Kandy",,,"https://slpost.gov.lk/wp-content/uploads/2022/11/POST-CODE-BOOK-.pdf"
"Weuda","60080","Post Office","Kurunegala",,,"https://slpost.gov.lk/wp-content/uploads/2022/11/POST-CODE-BOOK-.pdf"
"Wewagama","60195","Sub Post Office","Kurunegala",,,"https://slpost.gov.lk/wp-content/uploads/2022/11/POST-CODE-BOOK-.pdf"
"Wewalawewa","21114","Sub Post Office","Matale",,,"https://slpost.gov.lk/wp-content/uploads/2022/11/POST-CODE-BOOK-.pdf"
"Wewatta","90716","Sub Post Office","Badulla",,,"https://slpost.gov.lk/wp-content/uploads/2022/11/POST-CODE-BOOK-.pdf"
"Weweldeniya","11894","Sub Post Office","Gampaha",,,"https://slpost.gov.lk/wp-content/uploads/2022/11/POST-CODE-BOOK-.pdf"
"Wewelwatta","70066","Sub Post Office","Ratnapura",,,"https://slpost.gov.lk/wp-content/uploads/2022/11/POST-CODE-BOOK-.pdf"
"Widulipura","22032","Sub Post Office","Nuwara Eliya",,,"https://slpost.gov.lk/wp-content/uploads/2022/11/POST-CODE-BOOK-.pdf"
"Wijayabahukanda","22018","Sub Post Office","Nuwara Eliya",,,"https://slpost.gov.lk/wp-content/uploads/2022/11/POST-CODE-BOOK-.pdf"
"Wijayabahupura","51042","Sub Post Office","Polonnaruwa",,,"https://slpost.gov.lk/wp-content/uploads/2022/11/POST-CODE-BOOK-.pdf"
"Wijayakatupotha","61006","Sub Post Office","Puttalam",,,"https://slpost.gov.lk/wp-content/uploads/2022/11/POST-CODE-BOOK-.pdf"
"Wikiliya","70114","Sub Post Office","Ratnapura",,,"https://slpost.gov.lk/wp-content/uploads/2022/11/POST-CODE-BOOK-.pdf"
"Wilanagama","20142","Sub Post Office","Kandy",,,"https://slpost.gov.lk/wp-content/uploads/2022/11/POST-CODE-BOOK-.pdf"
"Wilaoya","91022","Sub Post Office","Moneragala",,,"https://slpost.gov.lk/wp-content/uploads/2022/11/POST-CODE-BOOK-.pdf"
"Wilgamuwa","21530","Post Office","Matale",,,"https://slpost.gov.lk/wp-content/uploads/2022/11/POST-CODE-BOOK-.pdf"
"Wilpita","81404","Sub Post Office","Matara",,,"https://slpost.gov.lk/wp-content/uploads/2022/11/POST-CODE-BOOK-.pdf"
"Wilpotha","61008","Sub Post Office","Puttalam",,,"https://slpost.gov.lk/wp-content/uploads/2022/11/POST-CODE-BOOK-.pdf"
"Wineethagama","90034","Sub Post Office","Badulla",,,"https://slpost.gov.lk/wp-content/uploads/2022/11/POST-CODE-BOOK-.pdf"
"Withikuliya","60465","Sub Post Office","Kurunegala",,,"https://slpost.gov.lk/wp-content/uploads/2022/11/POST-CODE-BOOK-.pdf"
"Yagirala","12124","Sub Post Office","Kalutara",,,"https://slpost.gov.lk/wp-content/uploads/2022/11/POST-CODE-BOOK-.pdf"
"Yahalatenna","20234","Sub Post Office","Kandy",,,"https://slpost.gov.lk/wp-content/uploads/2022/11/POST-CODE-BOOK-.pdf"
"Yakkala","11870","Post Office","Gampaha",,,"https://slpost.gov.lk/wp-content/uploads/2022/11/POST-CODE-BOOK-.pdf"
"Yakkalamulla","80150","Post Office","Galle",,,"https://slpost.gov.lk/wp-content/uploads/2022/11/POST-CODE-BOOK-.pdf"
"Yakwila","60202","Post Office","Kurunegala",,,"https://slpost.gov.lk/wp-content/uploads/2022/11/POST-CODE-BOOK-.pdf"
"Yalagamuwa","90329","Sub Post Office","Badulla",,,"https://slpost.gov.lk/wp-content/uploads/2022/11/POST-CODE-BOOK-.pdf"
"Yalwela","90706","Sub Post Office","Badulla",,,"https://slpost.gov.lk/wp-content/uploads/2022/11/POST-CODE-BOOK-.pdf"
"Yatadolawatta","12104","Sub Post Office","Kalutara",,,"https://slpost.gov.lk/wp-content/uploads/2022/11/POST-CODE-BOOK-.pdf"
"Yatagama","71116","Sub Post Office","Kegalle",,,"https://slpost.gov.lk/wp-content/uploads/2022/11/POST-CODE-BOOK-.pdf"
"Yatalamatta","80107","Sub Post Office","Galle",,,"https://slpost.gov.lk/wp-content/uploads/2022/11/POST-CODE-BOOK-.pdf"
"Yatapana","71326","Sub Post Office","Kegalle",,,"https://slpost.gov.lk/wp-content/uploads/2022/11/POST-CODE-BOOK-.pdf"
"Yatawara Junction","12006","Sub Post Office","Kalutara",,,"https://slpost.gov.lk/wp-content/uploads/2022/11/POST-CODE-BOOK-.pdf"
"Yatawatta","21056","Post Office","Matale",,,"https://slpost.gov.lk/wp-content/uploads/2022/11/POST-CODE-BOOK-.pdf"
"Yatigala","82418","Sub Post Office","Hambantota",,,"https://slpost.gov.lk/wp-content/uploads/2022/11/POST-CODE-BOOK-.pdf"
"Yatigaloluwa","60314","Sub Post Office","Kurunegala",,,"https://slpost.gov.lk/wp-content/uploads/2022/11/POST-CODE-BOOK-.pdf"
"Yatihalagala","20034","Sub Post Office","Kandy",,,"https://slpost.gov.lk/wp-content/uploads/2022/11/POST-CODE-BOOK-.pdf"
"Yatikaduruwa","60345","Sub Post Office","Kurunegala",,,"https://slpost.gov.lk/wp-content/uploads/2022/11/POST-CODE-BOOK-.pdf"
"Yatipiyangala","20529","Sub Post Office","Kandy",,,"https://slpost.gov.lk/wp-content/uploads/2022/11/POST-CODE-BOOK-.pdf"
"Yatiyana","81034","Sub Post Office","Matara",,,"https://slpost.gov.lk/wp-content/uploads/2022/11/POST-CODE-BOOK-.pdf"
"Yatiyana","11566","Sub Post Office","Gampaha","Western Province",,"https://slpost.gov.lk/wp-content/uploads/2022/11/POST-CODE-BOOK-.pdf"
"Yatiyantota","71700","Post Office","Kegalle",,,"https://slpost.gov.lk/wp-content/uploads/2022/11/POST-CODE-BOOK-.pdf"
"Yattapatha Sinharaja Gardens","12147","Sub Post Office","Kalutara",,,"https://slpost.gov.lk/wp-content/uploads/2022/11/POST-CODE-BOOK-.pdf"
"Yattogoda","71029","Sub Post Office","Kegalle",,,"https://slpost.gov.lk/wp-content/uploads/2022/11/POST-CODE-BOOK-.pdf"
"Yodaela","51422","Sub Post Office","Polonnaruwa",,,"https://slpost.gov.lk/wp-content/uploads/2022/11/POST-CODE-BOOK-.pdf"
"Yogapuram","42315","Sub Post Office","Mullaitivu",,,"https://slpost.gov.lk/wp-content/uploads/2022/11/POST-CODE-BOOK-.pdf"
"Yogiyana","61144","Sub Post Office","Puttalam",,,"https://slpost.gov.lk/wp-content/uploads/2022/11/POST-CODE-BOOK-.pdf"
"Yudaganawa","51424","Sub Post Office","Polonnaruwa",,,"https://slpost.gov.lk/wp-content/uploads/2022/11/POST-CODE-BOOK-.pdf"
